,0
0,SYMBOL
1,20MICRONS
2,21STCENMGM
3,3IINFOTECH
4,3MINDIA
5,3PLAND
6,5PAISA
7,63MOONS
8,A2ZINFRA
9,AARTIDRUGS
10,AARTIIND
11,AARTISURF
12,AARVEEDEN
13,AARVI
14,AAVAS
15,ABAN
16,ABB
17,ABBOTINDIA
18,ABCAPITAL
19,ABFRL
20,ABMINTLTD
21,ACC
22,ACCELYA
23,ACE
24,ADANIENT
25,ADANIGAS
26,ADANIGREEN
27,ADANIPORTS
28,ADANIPOWER
29,ADANITRANS
30,ADFFOODS
31,ADHUNIKIND
32,ADORWELD
33,ADROITINFO
34,ADSL
35,ADVANIHOTR
36,ADVENZYMES
37,AEGISCHEM
38,AFFLE
39,AGARIND
40,AGCNET
41,AGRITECH
42,AGROPHOS
43,AHLEAST
44,AHLUCONT
45,AHLWEST
46,AIAENG
47,AIONJSW
48,AIRAN
49,AJANTPHARM
50,AJMERA
51,AKASH
52,AKSHARCHEM
53,AKSHOPTFBR
54,AKZOINDIA
55,ALANKIT
56,ALBERTDAVD
57,ALCHEM
58,ALEMBICLTD
59,ALICON
60,ALKALI
61,ALKEM
62,ALKYLAMINE
63,ALLCARGO
64,ALLSEC
65,ALMONDZ
66,ALOKINDS
67,ALPA
68,ALPHAGEO
69,ALPSINDUS
70,AMARAJABAT
71,AMBER
72,AMBIKCO
73,AMBUJACEM
74,AMDIND
75,AMJLAND
76,AMRUTANJAN
77,ANANTRAJ
78,ANDHRACEMT
79,ANDHRAPAP
80,ANDHRSUGAR
81,ANIKINDS
82,ANKITMETAL
83,ANSALAPI
84,ANSALHSG
85,ANUP
86,APARINDS
87,APCL
88,APCOTEXIND
89,APEX
90,APLAPOLLO
91,APLLTD
92,APOLLO
93,APOLLOHOSP
94,APOLLOPIPE
95,APOLLOTYRE
96,APOLSINHOT
97,APTECHT
98,ARCHIDPLY
99,ARCHIES
100,ARCOTECH
101,ARENTERP
102,ARIES
103,ARIHANT
104,ARIHANTSUP
105,ARMANFIN
106,AROGRANITE
107,ARROWGREEN
108,ARSHIYA
109,ARSSINFRA
110,ARTEMISMED
111,ARVIND
112,ARVINDFASN
113,ARVSMART
114,ASAHIINDIA
115,ASAHISONG
116,ASAL
117,ASALCBR
118,ASHAPURMIN
119,ASHIANA
120,ASHIMASYN
121,ASHOKA
122,ASHOKLEY
123,ASIANHOTNR
124,ASIANPAINT
125,ASIANTILES
126,ASPINWALL
127,ASTEC
128,ASTERDM
129,ASTRAL
130,ASTRAMICRO
131,ASTRAZEN
132,ASTRON
133,ATFL
134,ATLANTA
135,ATLASCYCLE
136,ATUL
137,ATULAUTO
138,AUBANK
139,AURIONPRO
140,AUROPHARMA
141,AUSOMENT
142,AUTOAXLES
143,AUTOIND
144,AUTOLITIND
145,AVADHSUGAR
146,AVANTIFEED
147,AVTNPL
148,AXISBANK
149,AXISCADES
150,AYMSYNTEX
151,BAGFILMS
152,BAJAJ-AUTO
153,BAJAJCON
154,BAJAJELEC
155,BAJAJFINSV
156,BAJAJHIND
157,BAJAJHLDNG
158,BAJFINANCE
159,BALAJITELE
160,BALAMINES
161,BALAXI
162,BALKRISHNA
163,BALKRISIND
164,BALLARPUR
165,BALMLAWRIE
166,BALPHARMA
167,BALRAMCHIN
168,BANARBEADS
169,BANARISUG
170,BANCOINDIA
171,BANDHANBNK
172,BANG
173,BANKBARODA
174,BANKINDIA
175,BANSWRAS
176,BARTRONICS
177,BASF
178,BASML
179,BATAINDIA
180,BAYERCROP
181,BBL
182,BBTC
183,BCG
184,BCP
185,BDL
186,BEARDSELL
187,BEDMUTHA
188,BEL
189,BEML
190,BEPL
191,BERGEPAINT
192,BFINVEST
193,BFUTILITIE
194,BGRENERGY
195,BHAGERIA
196,BHAGYANGR
197,BHAGYAPROP
198,BHANDARI
199,BHARATFORG
200,BHARATGEAR
201,BHARATRAS
202,BHARATWIRE
203,BHARTIARTL
204,BHEL
205,BIGBLOC
206,BIL
207,BILENERGY
208,BINDALAGRO
209,BIOCON
210,BIOFILCHEM
211,BIRLACABLE
212,BIRLACORPN
213,BIRLAMONEY
214,BIRLATYRE
215,BKMINDST
216,BLBLIMITED
217,BLISSGVS
218,BLKASHYAP
219,BLS
220,BLUECOAST
221,BLUEDART
222,BLUESTARCO
223,BODALCHEM
224,BOMDYEING
225,BOROLTD
226,BORORENEW
227,BOSCHLTD
228,BPCL
229,BPL
230,BRFL
231,BRIGADE
232,BRITANNIA
233,BRNL
234,BROOKS
235,BSE
236,BSELINFRA
237,BSL
238,BSOFT
239,BURNPUR
240,BUTTERFLY
241,BVCL
242,BYKE
243,CADILAHC
244,CALSOFT
245,CAMLINFINE
246,CANBK
247,CANDC
248,CANFINHOME
249,CANTABIL
250,CAPACITE
251,CAPLIPOINT
252,CAPTRUST
253,CARBORUNIV
254,CAREERP
255,CARERATING
256,CASTROLIND
257,CCCL
258,CCHHL
259,CCL
260,CDSL
261,CEATLTD
262,CEBBCO
263,CELEBRITY
264,CENTENKA
265,CENTEXT
266,CENTRALBK
267,CENTRUM
268,CENTUM
269,CENTURYPLY
270,CENTURYTEX
271,CERA
272,CEREBRAINT
273,CESC
274,CESCVENT
275,CGCL
276,CGPOWER
277,CHALET
278,CHAMBLFERT
279,CHEMBOND
280,CHEMFAB
281,CHENNPETRO
282,CHOLAFIN
283,CHOLAHLDNG
284,CHROMATIC
285,CIGNITITEC
286,CIMMCO
287,CINELINE
288,CINEVISTA
289,CIPLA
290,CKFSL
291,CLEDUCATE
292,CLNINDIA
293,CMICABLES
294,CNOVAPETRO
295,COALINDIA
296,COCHINSHIP
297,COLPAL
298,COMPINFO
299,COMPUSOFT
300,CONCOR
301,CONFIPET
302,CONSOFINVT
303,CONTROLPR
304,CORALFINAC
305,CORDSCABLE
306,COROMANDEL
307,COSMOFILMS
308,COUNCODOS
309,COX&KINGS
310,CREATIVE
311,CREATIVEYE
312,CREDITACC
313,CREST
314,CRISIL
315,CROMPTON
316,CSBBANK
317,CTE
318,CUB
319,CUBEXTUB
320,CUMMINSIND
321,CUPID
322,CYBERTECH
323,CYIENT
324,DAAWAT
325,DABUR
326,DALBHARAT
327,DALMIASUG
328,DAMODARIND
329,DATAMATICS
330,DBCORP
331,DBL
332,DBREALTY
333,DBSTOCKBRO
334,DCAL
335,DCBBANK
336,DCM
337,DCMFINSERV
338,DCMNVL
339,DCMSHRIRAM
340,DCW
341,DECCANCE
342,DEEPAKFERT
343,DEEPAKNTR
344,DEEPIND
345,DELTACORP
346,DELTAMAGNT
347,DEN
348,DENORA
349,DFMFOODS
350,DGCONTENT
351,DHAMPURSUG
352,DHANBANK
353,DHANUKA
354,DHARSUGAR
355,DHFL
356,DHUNINV
357,DIAMONDYD
358,DIAPOWER
359,DICIND
360,DIGISPICE
361,DIGJAMLTD
362,DISHTV
363,DIVISLAB
364,DIXON
365,DLF
366,DLINKINDIA
367,DMART
368,DNAMEDIA
369,DOLAT
370,DOLLAR
371,DONEAR
372,DPSCLTD
373,DPWIRES
374,DQE
375,DREDGECORP
376,DRREDDY
377,DSSL
378,DTIL
379,DUCON
380,DVL
381,DWARKESH
382,DYNAMATECH
383,DYNPRO
384,EASTSILK
385,EASUNREYRL
386,EBIXFOREX
387,ECLERX
388,EDELWEISS
389,EDUCOMP
390,EICHERMOT
391,EIDPARRY
392,EIHAHOTELS
393,EIHOTEL
394,EIMCOELECO
395,EKC
396,ELECON
397,ELECTCAST
398,ELECTHERM
399,ELGIEQUIP
400,ELGIRUBCO
401,EMAMILTD
402,EMAMIPAP
403,EMAMIREAL
404,EMCO
405,EMKAY
406,EMMBI
407,ENDURANCE
408,ENERGYDEV
409,ENGINERSIN
410,ENIL
411,EQUITAS
412,ERIS
413,EROSMEDIA
414,ESABINDIA
415,ESCORTS
416,ESSARSHPNG
417,ESSELPACK
418,ESTER
419,EUROCERA
420,EUROMULTI
421,EUROTEXIND
422,EVEREADY
423,EVERESTIND
424,EXCEL
425,EXCELINDUS
426,EXIDEIND
427,EXPLEOSOL
428,FACT
429,FAIRCHEM
430,FCL
431,FCONSUMER
432,FCSSOFT
433,FDC
434,FEDERALBNK
435,FEL
436,FELDVR
437,FIEMIND
438,FILATEX
439,FINCABLES
440,FINEORG
441,FINPIPE
442,FLEXITUFF
443,FLFL
444,FLUOROCHEM
445,FMGOETZE
446,FMNL
447,FORCEMOT
448,FORTIS
449,FOSECOIND
450,FRETAIL
451,FSC
452,FSL
453,GABRIEL
454,GAEL
455,GAIL
456,GAL
457,GALAXYSURF
458,GALLANTT
459,GALLISPAT
460,GAMMNINFRA
461,GANDHITUBE
462,GANECOS
463,GANESHHOUC
464,GANGESSECU
465,GARDENSILK
466,GARFIBRES
467,GATI
468,GAYAHWS
469,GAYAPROJ
470,GBGLOBAL
471,GDL
472,GEECEE
473,GEEKAYWIRE
474,GENESYS
475,GENUSPAPER
476,GENUSPOWER
477,GEOJITFSL
478,GEPIL
479,GESHIP
480,GET&D
481,GFLLIMITED
482,GFSTEELS
483,GHCL
484,GICHSGFIN
485,GICRE
486,GILLANDERS
487,GILLETTE
488,GINNIFILA
489,GIPCL
490,GISOLUTION
491,GKWLIMITED
492,GLAXO
493,GLENMARK
494,GLFL
495,GLOBALVECT
496,GLOBOFFS
497,GLOBUSSPR
498,GMBREW
499,GMDCLTD
500,GMMPFAUDLR
501,GMRINFRA
502,GNA
503,GNFC
504,GOACARBON
505,GOCLCORP
506,GODFRYPHLP
507,GODREJAGRO
508,GODREJCP
509,GODREJIND
510,GODREJPROP
511,GOENKA
512,GOKEX
513,GOKUL
514,GOKULAGRO
515,GOLDENTOBC
516,GOLDIAM
517,GOLDTECH
518,GOODLUCK
519,GPIL
520,GPPL
521,GPTINFRA
522,GRANULES
523,GRAPHITE
524,GRASIM
525,GRAVITA
526,GREAVESCOT
527,GREENLAM
528,GREENPANEL
529,GREENPLY
530,GREENPOWER
531,GRINDWELL
532,GROBTEA
533,GRPLTD
534,GRSE
535,GSCLCEMENT
536,GSFC
537,GSPL
538,GSS
539,GTLINFRA
540,GTNIND
541,GTNTEX
542,GTPL
543,GUFICBIO
544,GUJALKALI
545,GUJAPOLLO
546,GUJGASLTD
547,GUJRAFFIA
548,GULFOILLUB
549,GULFPETRO
550,GULPOLY
551,GVKPIL
552,HAL
553,HARITASEAT
554,HARRMALAYA
555,HATHWAY
556,HATSUN
557,HAVELLS
558,HAVISHA
559,HBLPOWER
560,HBSL
561,HCC
562,HCG
563,HCL-INSYS
564,HCLTECH
565,HDFC
566,HDFCAMC
567,HDFCBANK
568,HDFCLIFE
569,HDIL
570,HEG
571,HEIDELBERG
572,HERCULES
573,HERITGFOOD
574,HEROMOTOCO
575,HESTERBIO
576,HEXATRADEX
577,HEXAWARE
578,HFCL
579,HGINFRA
580,HGS
581,HIKAL
582,HIL
583,HILTON
584,HIMATSEIDE
585,HINDALCO
586,HINDCOMPOS
587,HINDCOPPER
588,HINDMOTORS
589,HINDNATGLS
590,HINDOILEXP
591,HINDPETRO
592,HINDUNILVR
593,HINDZINC
594,HIRECT
595,HISARMETAL
596,HITECH
597,HITECHCORP
598,HITECHGEAR
599,HLVLTD
600,HMT
601,HMVL
602,HNDFDS
603,HONAUT
604,HONDAPOWER
605,HOTELRUGBY
606,HOVS
607,HPL
608,HSCL
609,HSIL
610,HTMEDIA
611,HUBTOWN
612,HUDCO
613,IBREALEST
614,IBULHSGFIN
615,IBULISL
616,IBVENTURES
617,ICICIBANK
618,ICICIGI
619,ICICIPRULI
620,ICIL
621,ICRA
622,IDBI
623,IDEA
624,IDFC
625,IDFCFIRSTB
626,IEX
627,IFBAGRO
628,IFBIND
629,IFCI
630,IFGLEXPOR
631,IGARASHI
632,IGL
633,IGPL
634,IIFL
635,IIFLSEC
636,IIFLWAM
637,IITL
638,IL&FSENGG
639,IL&FSTRANS
640,IMAGICAA
641,IMFA
642,IMPAL
643,IMPEXFERRO
644,INDBANK
645,INDHOTEL
646,INDIACEM
647,INDIAGLYCO
648,INDIAMART
649,INDIANB
650,INDIANCARD
651,INDIANHUME
652,INDIGO
653,INDLMETER
654,INDNIPPON
655,INDOCO
656,INDORAMA
657,INDOSOLAR
658,INDOSTAR
659,INDOTECH
660,INDOTHAI
661,INDOWIND
662,INDRAMEDCO
663,INDSWFTLAB
664,INDSWFTLTD
665,INDTERRAIN
666,INDUSINDBK
667,INEOSSTYRO
668,INFIBEAM
669,INFOBEAN
670,INFRATEL
671,INFY
672,INGERRAND
673,INOXLEISUR
674,INOXWIND
675,INSECTICID
676,INSPIRISYS
677,INTEGRA
678,INTELLECT
679,INTENTECH
680,INVENTURE
681,IOB
682,IOC
683,IOLCP
684,IPCALAB
685,IRB
686,IRCON
687,IRCTC
688,ISEC
689,ISFT
690,ISMTLTD
691,ITC
692,ITDC
693,ITDCEM
694,ITI
695,IVC
696,IVP
697,IZMO
698,J&KBANK
699,JAGRAN
700,JAGSNPHARM
701,JAIBALAJI
702,JAICORPLTD
703,JAIHINDPRO
704,JAINSTUDIO
705,JAMNAAUTO
706,JASH
707,JAYAGROGN
708,JAYBARMARU
709,JAYNECOIND
710,JAYSREETEA
711,JBCHEPHARM
712,JBFIND
713,JBMA
714,JCHAC
715,JETAIRWAYS
716,JHS
717,JINDALPHOT
718,JINDALPOLY
719,JINDALSAW
720,JINDALSTEL
721,JINDRILL
722,JINDWORLD
723,JISLDVREQS
724,JISLJALEQS
725,JITFINFRA
726,JIYAECO
727,JKCEMENT
728,JKIL
729,JKLAKSHMI
730,JKPAPER
731,JKTYRE
732,JMA
733,JMCPROJECT
734,JMFINANCIL
735,JMTAUTOLTD
736,JOCIL
737,JPASSOCIAT
738,JPINFRATEC
739,JPOLYINVST
740,JPPOWER
741,JSL
742,JSLHISAR
743,JSWENERGY
744,JSWHL
745,JSWSTEEL
746,JTEKTINDIA
747,JUBILANT
748,JUBLFOOD
749,JUBLINDS
750,JUMPNET
751,JUSTDIAL
752,JVLAGRO
753,JYOTHYLAB
754,KABRAEXTRU
755,KAJARIACER
756,KAKATCEM
757,KALPATPOWR
758,KALYANI
759,KALYANIFRG
760,KAMATHOTEL
761,KAMDHENU
762,KANANIIND
763,KANORICHEM
764,KANSAINER
765,KAPSTON
766,KARDA
767,KARMAENG
768,KARURVYSYA
769,KAUSHALYA
770,KAYA
771,KCP
772,KCPSUGIND
773,KDDL
774,KEC
775,KECL
776,KEI
777,KELLTONTEC
778,KENNAMET
779,KERNEX
780,KESORAMIND
781,KEYFINSERV
782,KGL
783,KHADIM
784,KHANDSE
785,KICL
786,KILITCH
787,KINGFA
788,KIOCL
789,KIRIINDUS
790,KIRLFER
791,KIRLOSBROS
792,KIRLOSENG
793,KIRLOSIND
794,KITEX
795,KKCL
796,KMSUGAR
797,KNRCON
798,KOHINOOR
799,KOKUYOCMLN
800,KOLTEPATIL
801,KOPRAN
802,KOTAKBANK
803,KOTARISUG
804,KOTHARIPET
805,KOTHARIPRO
806,KPITTECH
807,KPRMILL
808,KRBL
809,KREBSBIO
810,KRIDHANINF
811,KRISHANA
812,KSB
813,KSCL
814,KSERASERA
815,KSK
816,KSL
817,KTKBANK
818,KUANTUM
819,KWALITY
820,L&TFH
821,LAKPRE
822,LAKSHVILAS
823,LALPATHLAB
824,LAMBODHARA
825,LAOPALA
826,LASA
827,LAURUSLABS
828,LAXMIMACH
829,LEMONTREE
830,LFIC
831,LGBBROSLTD
832,LGBFORGE
833,LIBAS
834,LIBERTSHOE
835,LICHSGFIN
836,LINCOLN
837,LINCPEN
838,LINDEINDIA
839,LOKESHMACH
840,LOTUSEYE
841,LOVABLE
842,LPDC
843,LSIL
844,LT
845,LTI
846,LTTS
847,LUMAXIND
848,LUMAXTECH
849,LUPIN
850,LUXIND
851,LYKALABS
852,LYPSAGEMS
853,M&M
854,M&MFIN
855,MAANALU
856,MADHAV
857,MADHUCON
858,MADRASFERT
859,MAGADSUGAR
860,MAGMA
861,MAGNUM
862,MAHABANK
863,MAHAPEXLTD
864,MAHASTEEL
865,MAHEPC
866,MAHESHWARI
867,MAHINDCIE
868,MAHLIFE
869,MAHLOG
870,MAHSCOOTER
871,MAHSEAMLES
872,MAITHANALL
873,MAJESCO
874,MALUPAPER
875,MANAKALUCO
876,MANAKCOAT
877,MANAKSIA
878,MANAKSTEEL
879,MANALIPETC
880,MANAPPURAM
881,MANGALAM
882,MANGCHEFER
883,MANGLMCEM
884,MANGTIMBER
885,MANINDS
886,MANINFRA
887,MANUGRAPH
888,MARALOVER
889,MARATHON
890,MARICO
891,MARKSANS
892,MARUTI
893,MASFIN
894,MASKINVEST
895,MASTEK
896,MATRIMONY
897,MAWANASUG
898,MAXVIL
899,MAYURUNIQ
900,MAZDA
901,MBAPL
902,MBECL
903,MBLINFRA
904,MCDHOLDING
905,MCDOWELL-N
906,MCLEODRUSS
907,MCX
908,MEGASOFT
909,MEGH
910,MELSTAR
911,MENONBE
912,MEP
913,MERCATOR
914,METALFORGE
915,METKORE
916,METROPOLIS
917,MFSL
918,MGL
919,MHRIL
920,MIC
921,MIDHANI
922,MINDACORP
923,MINDAIND
924,MINDTECK
925,MINDTREE
926,MIRCELECTR
927,MIRZAINT
928,MITTAL
929,MMFL
930,MMP
931,MMTC
932,MODIRUBBER
933,MOHITIND
934,MOHOTAIND
935,MOIL
936,MOLDTECH
937,MOLDTKPAC
938,MONTECARLO
939,MORARJEE
940,MOREPENLAB
941,MOTHERSUMI
942,MOTILALOFS
943,MOTOGENFIN
944,MPHASIS
945,MPSLTD
946,MRF
947,MRO-TEK
948,MRPL
949,MSPL
950,MSTCLTD
951,MTEDUCARE
952,MTNL
953,MUKANDENGG
954,MUKANDLTD
955,MUKTAARTS
956,MUNJALAU
957,MUNJALSHOW
958,MURUDCERA
959,MUTHOOTCAP
960,MUTHOOTFIN
961,NACLIND
962,NAGAFERT
963,NAGREEKCAP
964,NAGREEKEXP
965,NAHARCAP
966,NAHARINDUS
967,NAHARPOLY
968,NAHARSPING
969,NAM-INDIA
970,NATCOPHARM
971,NATHBIOGEN
972,NATIONALUM
973,NATNLSTEEL
974,NAUKRI
975,NAVINFLUOR
976,NAVKARCORP
977,NAVNETEDUL
978,NBCC
979,NBIFIN
980,NBVENTURES
981,NCC
982,NCLIND
983,NDGL
984,NDL
985,NDRAUTO
986,NDTV
987,NECCLTD
988,NECLIFE
989,NELCAST
990,NELCO
991,NEOGEN
992,NESCO
993,NESTLEIND
994,NETWORK18
995,NEULANDLAB
996,NEWGEN
997,NEXTMEDIA
998,NFL
999,NH
1000,NHPC
1001,NIACL
1002,NIBL
1003,NIITLTD
1004,NIITTECH
1005,NILAINFRA
1006,NILASPACES
1007,NILKAMAL
1008,NIPPOBATRY
1009,NIRAJISPAT
1010,NITCO
1011,NITINFIRE
1012,NITINSPIN
1013,NKIND
1014,NLCINDIA
1015,NMDC
1016,NOCIL
1017,NOIDATOLL
1018,NORBTEAEXP
1019,NRAIL
1020,NRBBEARING
1021,NSIL
1022,NTL
1023,NTPC
1024,NUCLEUS
1025,NXTDIGITAL
1026,OAL
1027,OBEROIRLTY
1028,OCCL
1029,OFSS
1030,OIL
1031,OILCOUNTUB
1032,OISL
1033,OLECTRA
1034,OMAXAUTO
1035,OMAXE
1036,OMKARCHEM
1037,OMMETALS
1038,ONELIFECAP
1039,ONEPOINT
1040,ONGC
1041,ONMOBILE
1042,ONWARDTEC
1043,OPTIEMUS
1044,OPTOCIRCUI
1045,ORBTEXP
1046,ORICONENT
1047,ORIENTABRA
1048,ORIENTALTL
1049,ORIENTBELL
1050,ORIENTCEM
1051,ORIENTELEC
1052,ORIENTHOT
1053,ORIENTLTD
1054,ORIENTPPR
1055,ORIENTREF
1056,ORISSAMINE
1057,ORTEL
1058,ORTINLABSS
1059,OSWALAGRO
1060,PAEL
1061,PAGEIND
1062,PAISALO
1063,PALASHSECU
1064,PALREDTEC
1065,PANACEABIO
1066,PANACHE
1067,PANAMAPET
1068,PAPERPROD
1069,PARABDRUGS
1070,PARACABLES
1071,PARAGMILK
1072,PARSVNATH
1073,PATELENG
1074,PATINTLOG
1075,PATSPINLTD
1076,PCJEWELLER
1077,PDMJEPAPER
1078,PDSMFL
1079,PEARLPOLY
1080,PEL
1081,PENIND
1082,PENINLAND
1083,PERSISTENT
1084,PETRONET
1085,PFC
1086,PFIZER
1087,PFOCUS
1088,PFS
1089,PGEL
1090,PGHH
1091,PGHL
1092,PGIL
1093,PHILIPCARB
1094,PHOENIXLTD
1095,PIDILITIND
1096,PIIND
1097,PILANIINVS
1098,PILITA
1099,PIONDIST
1100,PIONEEREMB
1101,PITTIENG
1102,PKTEA
1103,PLASTIBLEN
1104,PNB
1105,PNBGILTS
1106,PNBHOUSING
1107,PNC
1108,PNCINFRA
1109,PODDARHOUS
1110,PODDARMENT
1111,POKARNA
1112,POLYCAB
1113,POLYMED
1114,POLYPLEX
1115,PONNIERODE
1116,POWERGRID
1117,POWERINDIA
1118,POWERMECH
1119,PPAP
1120,PPL
1121,PRABHAT
1122,PRADIP
1123,PRAENG
1124,PRAJIND
1125,PRAKASH
1126,PRAKASHSTL
1127,PRAXIS
1128,PRECAM
1129,PRECOT
1130,PRECWIRE
1131,PREMEXPLN
1132,PREMIER
1133,PREMIERPOL
1134,PRESSMN
1135,PRESTIGE
1136,PRICOLLTD
1137,PRIMESECU
1138,PRINCEPIPE
1139,PROZONINTU
1140,PRSMJOHNSN
1141,PSB
1142,PSL
1143,PSPPROJECT
1144,PTC
1145,PTL
1146,PUNJABCHEM
1147,PUNJLLOYD
1148,PURVA
1149,PVR
1150,QUESS
1151,QUICKHEAL
1152,RADAAN
1153,RADICO
1154,RADIOCITY
1155,RAIN
1156,RAJESHEXPO
1157,RAJRATAN
1158,RAJSREESUG
1159,RAJTV
1160,RALLIS
1161,RAMANEWS
1162,RAMASTEEL
1163,RAMCOCEM
1164,RAMCOIND
1165,RAMCOSYS
1166,RAMKY
1167,RAMSARUP
1168,RANASUG
1169,RANEENGINE
1170,RANEHOLDIN
1171,RATNAMANI
1172,RAYMOND
1173,RBL
1174,RBLBANK
1175,RCF
1176,RCOM
1177,RECLTD
1178,REDINGTON
1179,REFEX
1180,RELAXO
1181,RELCAPITAL
1182,RELIANCE
1183,RELIGARE
1184,RELINFRA
1185,REMSONSIND
1186,RENUKA
1187,REPCOHOME
1188,REPRO
1189,RESPONIND
1190,REVATHI
1191,RGL
1192,RHFL
1193,RICOAUTO
1194,RIIL
1195,RITES
1196,RKDL
1197,RKFORGE
1198,RMCL
1199,RML
1200,RNAVAL
1201,ROHITFERRO
1202,ROHLTD
1203,ROLLT
1204,ROLTA
1205,ROSSARI
1206,ROSSELLIND
1207,RPGLIFE
1208,RPOWER
1209,RPPINFRA
1210,RSSOFTWARE
1211,RSWM
1212,RSYSTEMS
1213,RTNINFRA
1214,RTNPOWER
1215,RUBYMILLS
1216,RUCHI
1217,RUCHINFRA
1218,RUCHIRA
1219,RUPA
1220,RUSHIL
1221,RVNL
1222,S&SPOWER
1223,SABEVENTS
1224,SABTN
1225,SADBHAV
1226,SADBHIN
1227,SAFARI
1228,SAGARDEEP
1229,SAGCEM
1230,SAIL
1231,SAKAR
1232,SAKHTISUG
1233,SAKSOFT
1234,SAKUMA
1235,SALASAR
1236,SALONA
1237,SALSTEEL
1238,SALZERELEC
1239,SAMBHAAV
1240,SANCO
1241,SANDESH
1242,SANDHAR
1243,SANGAMIND
1244,SANGHIIND
1245,SANGHVIFOR
1246,SANGHVIMOV
1247,SANGINITA
1248,SANOFI
1249,SANWARIA
1250,SARDAEN
1251,SAREGAMA
1252,SARLAPOLY
1253,SASKEN
1254,SASTASUNDR
1255,SATHAISPAT
1256,SATIA
1257,SATIN
1258,SATIN-RE
1259,SBICARD
1260,SBILIFE
1261,SBIN
1262,SCAPDVR
1263,SCHAEFFLER
1264,SCHAND
1265,SCHNEIDER
1266,SCI
1267,SDBL
1268,SEAMECLTD
1269,SELAN
1270,SELMCL
1271,SEPOWER
1272,SEQUENT
1273,SESHAPAPER
1274,SETCO
1275,SETUINFRA
1276,SEYAIND
1277,SEZAL
1278,SFL
1279,SGL
1280,SHAHALLOYS
1281,SHAKTIPUMP
1282,SHALBY
1283,SHALPAINTS
1284,SHANKARA
1285,SHANTIGEAR
1286,SHARDACROP
1287,SHARDAMOTR
1288,SHEMAROO
1289,SHIL
1290,SHILPAMED
1291,SHIRPUR-G
1292,SHIVAMAUTO
1293,SHIVAMILLS
1294,SHIVATEX
1295,SHK
1296,SHOPERSTOP
1297,SHREDIGCEM
1298,SHREECEM
1299,SHREEPUSHK
1300,SHREERAMA
1301,SHRENIK
1302,SHREYANIND
1303,SHREYAS
1304,SHRIPISTON
1305,SHRIRAMCIT
1306,SHRIRAMEPC
1307,SHYAMCENT
1308,SHYAMTEL
1309,SICAGEN
1310,SICAL
1311,SIEMENS
1312,SIGIND
1313,SIL
1314,SILINV
1315,SILLYMONKS
1316,SIMBHALS
1317,SIMPLEXINF
1318,SINTEX
1319,SIRCA
1320,SIS
1321,SITINET
1322,SIYSIL
1323,SJVN
1324,SKFINDIA
1325,SKIL
1326,SKIPPER
1327,SKMEGGPROD
1328,SMARTLINK
1329,SMLISUZU
1330,SMPL
1331,SMSLIFE
1332,SMSPHARMA
1333,SNOWMAN
1334,SOBHA
1335,SOLARA
1336,SOLARINDS
1337,SOMANYCERA
1338,SOMATEX
1339,SOMICONVEY
1340,SONATSOFTW
1341,SORILINFRA
1342,SOTL
1343,SOUTHBANK
1344,SOUTHWEST
1345,SPAL
1346,SPANDANA
1347,SPARC
1348,SPCENET
1349,SPECIALITY
1350,SPENCERS
1351,SPENTEX
1352,SPIC
1353,SPICEJET
1354,SPLIL
1355,SPMLINFRA
1356,SPTL
1357,SPYL
1358,SREEL
1359,SREINFRA
1360,SRF
1361,SRHHYPOLTD
1362,SRIPIPES
1363,SRTRANSFIN
1364,SSWL
1365,STAR
1366,STARCEMENT
1367,STARPAPER
1368,STCINDIA
1369,STEELCITY
1370,STEELXIND
1371,STEL
1372,STERTOOLS
1373,STINDIA
1374,STRTECH
1375,SUBCAPCITY
1376,SUBEX
1377,SUBROS
1378,SUDARSCHEM
1379,SUJANAUNI
1380,SUMEETINDS
1381,SUMICHEM
1382,SUMIT
1383,SUMMITSEC
1384,SUNCLAYLTD
1385,SUNDARAM
1386,SUNDARMFIN
1387,SUNDARMHLD
1388,SUNDRMBRAK
1389,SUNDRMFAST
1390,SUNFLAG
1391,SUNPHARMA
1392,SUNTECK
1393,SUNTV
1394,SUPERHOUSE
1395,SUPERSPIN
1396,SUPPETRO
1397,SUPRAJIT
1398,SUPREMEIND
1399,SUPREMEINF
1400,SURANASOL
1401,SURANAT&P
1402,SURYALAXMI
1403,SURYAROSNI
1404,SUTLEJTEX
1405,SUVEN
1406,SUVENPHAR
1407,SUZLON
1408,SWANENERGY
1409,SWARAJENG
1410,SWELECTES
1411,SWSOLAR
1412,SYMPHONY
1413,SYNCOM
1414,SYNGENE
1415,TAINWALCHM
1416,TAJGVK
1417,TAKE
1418,TALBROAUTO
1419,TALWALKARS
1420,TALWGYM
1421,TANLA
1422,TANTIACONS
1423,TARMAT
1424,TASTYBITE
1425,TATACHEM
1426,TATACOFFEE
1427,TATACOMM
1428,TATACONSUM
1429,TATAELXSI
1430,TATAINVEST
1431,TATAMETALI
1432,TATAMOTORS
1433,TATAMTRDVR
1434,TATAPOWER
1435,TATASTEEL
1436,TATASTLBSL
1437,TATASTLLP
1438,TBZ
1439,TCI
1440,TCIDEVELOP
1441,TCIEXP
1442,TCIFINANCE
1443,TCNSBRANDS
1444,TCPLPACK
1445,TCS
1446,TDPOWERSYS
1447,TEAMLEASE
1448,TECHIN
1449,TECHM
1450,TECHNOE
1451,TECHNOFAB
1452,TEJASNET
1453,TERASOFT
1454,TEXINFRA
1455,TEXMOPIPES
1456,TEXRAIL
1457,TFCILTD
1458,TFL
1459,TGBHOTELS
1460,THANGAMAYL
1461,THEINVEST
1462,THEMISMED
1463,THERMAX
1464,THIRUSUGAR
1465,THOMASCOOK
1466,THOMASCOTT
1467,THYROCARE
1468,TI
1469,TIDEWATER
1470,TIIL
1471,TIINDIA
1472,TIJARIA
1473,TIL
1474,TIMESGTY
1475,TIMETECHNO
1476,TIMKEN
1477,TINPLATE
1478,TIPSINDLTD
1479,TIRUMALCHM
1480,TIRUPATIFL
1481,TITAN
1482,TMRVL
1483,TNPETRO
1484,TNPL
1485,TNTELE
1486,TOKYOPLAST
1487,TORNTPHARM
1488,TORNTPOWER
1489,TOUCHWOOD
1490,TPLPLASTEH
1491,TREEHOUSE
1492,TREJHARA
1493,TRENT
1494,TRF
1495,TRIDENT
1496,TRIGYN
1497,TRIL
1498,TRITURBINE
1499,TRIVENI
1500,TTKHLTCARE
1501,TTKPRESTIG
1502,TTL
1503,TTML
1504,TV18BRDCST
1505,TVSELECT
1506,TVSMOTOR
1507,TVSSRICHAK
1508,TVTODAY
1509,TVVISION
1510,TWL
1511,UBL
1512,UCALFUEL
1513,UCOBANK
1514,UFLEX
1515,UFO
1516,UGARSUGAR
1517,UJAAS
1518,UJJIVAN
1519,UJJIVANSFB
1520,ULTRACEMCO
1521,UMANGDAIRY
1522,UMESLTD
1523,UNICHEMLAB
1524,UNIENTER
1525,UNIONBANK
1526,UNIPLY
1527,UNITECH
1528,UNITEDTEA
1529,UNITY
1530,UNIVASTU
1531,UNIVCABLES
1532,UNIVPHOTO
1533,UPL
1534,URJA
1535,USHAMART
1536,UTTAMSTL
1537,UTTAMSUGAR
1538,UVSL
1539,V2RETAIL
1540,VADILALIND
1541,VAIBHAVGBL
1542,VAISHALI
1543,VAKRANGEE
1544,VARDHACRLC
1545,VARDMNPOLY
1546,VARROC
1547,VASCONEQ
1548,VASWANI
1549,VBL
1550,VEDL
1551,VENKEYS
1552,VENUSREM
1553,VERTOZ
1554,VESUVIUS
1555,VETO
1556,VGUARD
1557,VHL
1558,VICEROY
1559,VIDEOIND
1560,VIDHIING
1561,VIJIFIN
1562,VIKASECO
1563,VIKASMCORP
1564,VIKASPROP
1565,VIKASWSP
1566,VIMTALABS
1567,VINATIORGA
1568,VINDHYATEL
1569,VINYLINDIA
1570,VIPCLOTHNG
1571,VIPIND
1572,VIPULLTD
1573,VISAKAIND
1574,VISASTEEL
1575,VISHAL
1576,VISHNU
1577,VISHWARAJ
1578,VIVIDHA
1579,VIVIMEDLAB
1580,VLSFINANCE
1581,VMART
1582,VOLTAMP
1583,VOLTAS
1584,VRLLOG
1585,VSSL
1586,VSTIND
1587,VSTTILLERS
1588,VTL
1589,WABAG
1590,WABCOINDIA
1591,WALCHANNAG
1592,WANBURY
1593,WATERBASE
1594,WEBELSOLAR
1595,WEIZMANIND
1596,WELCORP
1597,WELENT
1598,WELINV
1599,WELSPUNIND
1600,WENDT
1601,WESTLIFE
1602,WHEELS
1603,WHIRLPOOL
1604,WILLAMAGOR
1605,WINDMACHIN
1606,WIPL
1607,WIPRO
1608,WOCKPHARMA
1609,WONDERLA
1610,WORTH
1611,WSI
1612,WSTCSTPAPR
1613,XCHANGING
1614,XELPMOC
1615,XPROINDIA
1616,YESBANK
1617,ZEEL
1618,ZEELEARN
1619,ZEEMEDIA
1620,ZENITHBIR
1621,ZENITHEXPO
1622,ZENSARTECH
1623,ZENTEC
1624,ZICOM
1625,ZODIACLOTH
1626,ZODJRDMKJ
1627,ZOTA
1628,ZUARI
1629,ZUARIGLOB
1630,ZYDUSWELL
