,ticker,headline,neg,neu,pos,compound
0,#Autolite,"Happy 74th #IndependenceDay wishes to everyone Jai Hind 
#JaiHind
#celebrationindependenceday
#VandeMataram
#15thaugust2020
#india
#proudindian
#HappyIndependenceDay2020
#kranti
#SaluteOurHeroes
#SaluteIndia
#Autolite
#autoliteemergencyligtingsystem pic.twitter.com/27WB84g9WOThe #GalaxyNote20 series comes in a stunning array of mystic hues that redefine work and play. Which colour do you have your eyes set on, are you on Team #MysticBronze or Team #MysticGreen? Pre-book now: https://bit.ly/3h07X4z 
#SamsungWhen power outage strikes, make sure your safety at factory or at offices is reinforced with backup lighting from the trusted range of #AUTOLITE emergency lights.

#Emergencylight
#EmergencyExitLight
#industrialemergencylights
#Batterybackuplight
#LightsOn #emergencylighting pic.twitter.com/ElBzZsKUqFWhy Choose #AUTOLITE? We have more to offer than our wealth of experience within emergency lighting. Learn more about our unparalleled service here:
http://www.autolite-india.com 
#AutoliteEmergencylight
#LEDEmergencylights
#batterybackup #Rechargeable
#Emergencyconversionkit
#lights pic.twitter.com/FRPA7nzkpxNew post (HOW TO CHANGE SPARK PLUGS ON YOUR CAR - ...) has been published on  - https://team.userinterface.us/how-to-change-spark-plugs-on-your-car-choke-no-joke-shows-you-how/ … #Autolite #Automobile #Cars #ChokeNoJoke #Director #Edenwald #HipHop #HowToChangeSparkPlugs #LegendaryVideographer #Mechanic #Producer #SparkPlugs #TruthBeToldAllDayEverydayHOW TO CHANGE SPARK PLUGS ON YOUR CAR - CHOKE NO JOKE SHOWS ... - https://team.userinterface.us/how-to-change-spark-plugs-on-your-car-choke-no-joke-shows-you-how/ … #UIX #Autolite #Automobile #Cars #ChokeNoJoke #Director #Edenwald #HipHop #HowToChangeSparkPlugs #LegendaryVideographer #Mechanic #Producer #SparkPlugs #TruthBeToldAllDayEveryday #Vehicles pic.twitter.com/BshAqMuTFh#AUTOLITE Wishes Happy Krishna janmashtami. Have a joyous and healthy life.
#krishnajanmashtami
#JaiShreeKrishna #LordKrishna
#Janmashtami #Krishna pic.twitter.com/aGMN4PeVTPIntroducing the Safety Path
#AUTOLITE SELF ILLUMINATED SAFETY SIGNAGES
NO Light Globes.
NO Electrical Components.
NO Batteries.
NO Power Supply
At Multiphase, we now offer high-performing safety signages that will stay illuminated long after the power has cut out.
#safetysigns pic.twitter.com/Ts6ZcxztT5some nice formations seen in #autos & ancillaries ...#automativeaxles #autolite #bharatforge #nse #nifty #nseauto #stocks #chartoftheday #allaboutcharts pic.twitter.com/gnP8lHZPNtTODO PARA LA AFINACIÓN DE TU AUTO Cambio de aceite GRATIS
 #Irapuato 
.
.
.
.
.
#LTH #Bardahl #Castrol #Mobil #Afinación #COSMORefaccionaria #FRAM #QuakerState #Roshfrans #Autolite #LucasOil #Baterías #BateríasIrapuato #Acumuladores #AcumuladoresIrapuato pic.twitter.com/DclnvD7UgfTODO PARA LA AFINACIÓN DE TU AUTO Cambio de aceite GRATIS
 #Irapuato 
.
.
.
.
.
#LTH #Bardahl #Castrol #Mobil #Afinación #COSMORefaccionaria #FRAM #QuakerState #Roshfrans #Autolite #LucasOil #Baterías #BateríasIrapuato #Acumuladores #AcumuladoresIrapuato pic.twitter.com/lljye7Mg4cTODO PARA LA AFINACIÓN DE TU AUTO Cambio de aceite GRATIS
 #Irapuato 
.
.
.
.
.
#LTH #Bardahl #Castrol #Mobil #Afinación #COSMORefaccionaria #FRAM #QuakerState #Roshfrans #Autolite #LucasOil #Baterías #BateríasIrapuato #Acumuladores #AcumuladoresIrapuato pic.twitter.com/zayslCeNgX#AUTOLITE Supply of LED Emergency Exit Lights. To order call: +91 9833108571or Email: autoliteindia@gmail.com
For more products visit our website: http://www.autolite-india.com 
#LEDExitsigns #Exitsigns
#Emergencyexitlights
#Fireexitlights #illuminatedexitsigns
#AutoliteExitlight pic.twitter.com/1UtXAqmdLWTODO PARA LA AFINACIÓN DE TU AUTO Cambio de aceite GRATIS
 #Irapuato 
.
.
.
.
.
#LTH #Bardahl #Castrol #Mobil #Afinación #COSMORefaccionaria #FRAM #QuakerState #Roshfrans #Autolite #LucasOil #Baterías #BateríasIrapuato #Acumuladores #AcumuladoresIrapuato pic.twitter.com/LxhnYSQ74ETODO PARA LA AFINACIÓN DE TU AUTO Cambio de aceite GRATIS
 #Irapuato 
.
.
.
.
.
#LTH #Bardahl #Castrol #Mobil #Afinación #COSMORefaccionaria #FRAM #QuakerState #Roshfrans #Autolite #LucasOil #Baterías #BateríasIrapuato #Acumuladores #AcumuladoresIrapuato pic.twitter.com/1xtCxZbBq7TODO PARA LA AFINACIÓN DE TU AUTO Cambio de aceite GRATIS
 #Irapuato 
.
.
.
.
.
#LTH #Bardahl #Castrol #Mobil #Afinación #COSMORefaccionaria #FRAM #QuakerState #Roshfrans #Autolite #LucasOil #Baterías #BateríasIrapuato #Acumuladores #AcumuladoresIrapuato pic.twitter.com/DC4QP3HqBJTODO PARA LA AFINACIÓN DE TU AUTO Cambio de aceite GRATIS
 #Irapuato 
.
.
.
.
.
#LTH #Bardahl #Castrol #Mobil #Afinación #COSMORefaccionaria #FRAM #QuakerState #Roshfrans #Autolite #LucasOil #Baterías #BateríasIrapuato #Acumuladores #AcumuladoresIrapuato pic.twitter.com/fbg12qfi3TTODO PARA LA AFINACIÓN DE TU AUTO Cambio de aceite GRATIS
 #Irapuato 
.
.
.
.
.
#LTH #Bardahl #Castrol #Mobil #Afinación #COSMORefaccionaria #FRAM #QuakerState #Roshfrans #Autolite #LucasOil #Baterías #BateríasIrapuato #Acumuladores #AcumuladoresIrapuato pic.twitter.com/GtM4nYpsaWTODO PARA LA AFINACIÓN DE TU AUTO Cambio de aceite GRATIS
 #Irapuato 
.
.
.
.
.
#LTH #Bardahl #Castrol #Mobil #Afinación #COSMORefaccionaria #FRAM #QuakerState #Roshfrans #Autolite #LucasOil #Baterías #BateríasIrapuato #Acumuladores #AcumuladoresIrapuato pic.twitter.com/ROKSDTjkMbTODO PARA LA AFINACIÓN DE TU AUTO Cambio de aceite GRATIS
 #Irapuato 
.
.
.
.
.
#LTH #Bardahl #Castrol #Mobil #Afinación #COSMORefaccionaria #FRAM #QuakerState #Roshfrans #Autolite #LucasOil #Baterías #BateríasIrapuato #Acumuladores #AcumuladoresIrapuato pic.twitter.com/qGlOQBD0QnTODO PARA LA AFINACIÓN DE TU AUTO Cambio de aceite GRATIS
 #Irapuato 
.
.
.
.
.
#LTH #Bardahl #Castrol #Mobil #Afinación #COSMORefaccionaria #FRAM #QuakerState #Roshfrans #Autolite #LucasOil #Baterías #BateríasIrapuato #Acumuladores #AcumuladoresIrapuato pic.twitter.com/g39ou6ytknHappy 74th #IndependenceDay wishes to everyone Jai Hind 
#JaiHind
#celebrationindependenceday
#VandeMataram
#15thaugust2020
#india
#proudindian
#HappyIndependenceDay2020
#kranti
#SaluteOurHeroes
#SaluteIndia
#Autolite
#autoliteemergencyligtingsystem pic.twitter.com/27WB84g9WOThe #GalaxyNote20 series comes in a stunning array of mystic hues that redefine work and play. Which colour do you have your eyes set on, are you on Team #MysticBronze or Team #MysticGreen? Pre-book now: https://bit.ly/3h07X4z 
#SamsungWhen power outage strikes, make sure your safety at factory or at offices is reinforced with backup lighting from the trusted range of #AUTOLITE emergency lights.

#Emergencylight
#EmergencyExitLight
#industrialemergencylights
#Batterybackuplight
#LightsOn #emergencylighting pic.twitter.com/ElBzZsKUqFWhy Choose #AUTOLITE? We have more to offer than our wealth of experience within emergency lighting. Learn more about our unparalleled service here:
http://www.autolite-india.com 
#AutoliteEmergencylight
#LEDEmergencylights
#batterybackup #Rechargeable
#Emergencyconversionkit
#lights pic.twitter.com/FRPA7nzkpxNew post (HOW TO CHANGE SPARK PLUGS ON YOUR CAR - ...) has been published on  - https://team.userinterface.us/how-to-change-spark-plugs-on-your-car-choke-no-joke-shows-you-how/ … #Autolite #Automobile #Cars #ChokeNoJoke #Director #Edenwald #HipHop #HowToChangeSparkPlugs #LegendaryVideographer #Mechanic #Producer #SparkPlugs #TruthBeToldAllDayEverydayHOW TO CHANGE SPARK PLUGS ON YOUR CAR - CHOKE NO JOKE SHOWS ... - https://team.userinterface.us/how-to-change-spark-plugs-on-your-car-choke-no-joke-shows-you-how/ … #UIX #Autolite #Automobile #Cars #ChokeNoJoke #Director #Edenwald #HipHop #HowToChangeSparkPlugs #LegendaryVideographer #Mechanic #Producer #SparkPlugs #TruthBeToldAllDayEveryday #Vehicles pic.twitter.com/BshAqMuTFh#AUTOLITE Wishes Happy Krishna janmashtami. Have a joyous and healthy life.
#krishnajanmashtami
#JaiShreeKrishna #LordKrishna
#Janmashtami #Krishna pic.twitter.com/aGMN4PeVTPIntroducing the Safety Path
#AUTOLITE SELF ILLUMINATED SAFETY SIGNAGES
NO Light Globes.
NO Electrical Components.
NO Batteries.
NO Power Supply
At Multiphase, we now offer high-performing safety signages that will stay illuminated long after the power has cut out.
#safetysigns pic.twitter.com/Ts6ZcxztT5some nice formations seen in #autos & ancillaries ...#automativeaxles #autolite #bharatforge #nse #nifty #nseauto #stocks #chartoftheday #allaboutcharts pic.twitter.com/gnP8lHZPNtTODO PARA LA AFINACIÓN DE TU AUTO Cambio de aceite GRATIS
 #Irapuato 
.
.
.
.
.
#LTH #Bardahl #Castrol #Mobil #Afinación #COSMORefaccionaria #FRAM #QuakerState #Roshfrans #Autolite #LucasOil #Baterías #BateríasIrapuato #Acumuladores #AcumuladoresIrapuato pic.twitter.com/DclnvD7UgfTODO PARA LA AFINACIÓN DE TU AUTO Cambio de aceite GRATIS
 #Irapuato 
.
.
.
.
.
#LTH #Bardahl #Castrol #Mobil #Afinación #COSMORefaccionaria #FRAM #QuakerState #Roshfrans #Autolite #LucasOil #Baterías #BateríasIrapuato #Acumuladores #AcumuladoresIrapuato pic.twitter.com/lljye7Mg4cTODO PARA LA AFINACIÓN DE TU AUTO Cambio de aceite GRATIS
 #Irapuato 
.
.
.
.
.
#LTH #Bardahl #Castrol #Mobil #Afinación #COSMORefaccionaria #FRAM #QuakerState #Roshfrans #Autolite #LucasOil #Baterías #BateríasIrapuato #Acumuladores #AcumuladoresIrapuato pic.twitter.com/zayslCeNgX#AUTOLITE Supply of LED Emergency Exit Lights. To order call: +91 9833108571or Email: autoliteindia@gmail.com
For more products visit our website: http://www.autolite-india.com 
#LEDExitsigns #Exitsigns
#Emergencyexitlights
#Fireexitlights #illuminatedexitsigns
#AutoliteExitlight pic.twitter.com/1UtXAqmdLWTODO PARA LA AFINACIÓN DE TU AUTO Cambio de aceite GRATIS
 #Irapuato 
.
.
.
.
.
#LTH #Bardahl #Castrol #Mobil #Afinación #COSMORefaccionaria #FRAM #QuakerState #Roshfrans #Autolite #LucasOil #Baterías #BateríasIrapuato #Acumuladores #AcumuladoresIrapuato pic.twitter.com/LxhnYSQ74ETODO PARA LA AFINACIÓN DE TU AUTO Cambio de aceite GRATIS
 #Irapuato 
.
.
.
.
.
#LTH #Bardahl #Castrol #Mobil #Afinación #COSMORefaccionaria #FRAM #QuakerState #Roshfrans #Autolite #LucasOil #Baterías #BateríasIrapuato #Acumuladores #AcumuladoresIrapuato pic.twitter.com/1xtCxZbBq7TODO PARA LA AFINACIÓN DE TU AUTO Cambio de aceite GRATIS
 #Irapuato 
.
.
.
.
.
#LTH #Bardahl #Castrol #Mobil #Afinación #COSMORefaccionaria #FRAM #QuakerState #Roshfrans #Autolite #LucasOil #Baterías #BateríasIrapuato #Acumuladores #AcumuladoresIrapuato pic.twitter.com/DC4QP3HqBJTODO PARA LA AFINACIÓN DE TU AUTO Cambio de aceite GRATIS
 #Irapuato 
.
.
.
.
.
#LTH #Bardahl #Castrol #Mobil #Afinación #COSMORefaccionaria #FRAM #QuakerState #Roshfrans #Autolite #LucasOil #Baterías #BateríasIrapuato #Acumuladores #AcumuladoresIrapuato pic.twitter.com/fbg12qfi3TTODO PARA LA AFINACIÓN DE TU AUTO Cambio de aceite GRATIS
 #Irapuato 
.
.
.
.
.
#LTH #Bardahl #Castrol #Mobil #Afinación #COSMORefaccionaria #FRAM #QuakerState #Roshfrans #Autolite #LucasOil #Baterías #BateríasIrapuato #Acumuladores #AcumuladoresIrapuato pic.twitter.com/GtM4nYpsaWTODO PARA LA AFINACIÓN DE TU AUTO Cambio de aceite GRATIS
 #Irapuato 
.
.
.
.
.
#LTH #Bardahl #Castrol #Mobil #Afinación #COSMORefaccionaria #FRAM #QuakerState #Roshfrans #Autolite #LucasOil #Baterías #BateríasIrapuato #Acumuladores #AcumuladoresIrapuato pic.twitter.com/ROKSDTjkMbTODO PARA LA AFINACIÓN DE TU AUTO Cambio de aceite GRATIS
 #Irapuato 
.
.
.
.
.
#LTH #Bardahl #Castrol #Mobil #Afinación #COSMORefaccionaria #FRAM #QuakerState #Roshfrans #Autolite #LucasOil #Baterías #BateríasIrapuato #Acumuladores #AcumuladoresIrapuato pic.twitter.com/qGlOQBD0QnTODO PARA LA AFINACIÓN DE TU AUTO Cambio de aceite GRATIS
 #Irapuato 
.
.
.
.
.
#LTH #Bardahl #Castrol #Mobil #Afinación #COSMORefaccionaria #FRAM #QuakerState #Roshfrans #Autolite #LucasOil #Baterías #BateríasIrapuato #Acumuladores #AcumuladoresIrapuato pic.twitter.com/g39ou6ytkn",0.049,0.834,0.116,0.9968
1,#Electrotherm,"Meanwhile #Electrotherm Hits Uc 20%  https://twitter.com/saditya10p/status/1293768829714063363 …The #GalaxyNote20 series comes in a stunning array of mystic hues that redefine work and play. Which colour do you have your eyes set on, are you on Team #MysticBronze or Team #MysticGreen? Pre-book now: https://bit.ly/3h07X4z 
#SamsungThe protection of the environment for our future generation is important and is one of our important responsibilities. #Electrotherm provides complete eco-friendly solutions for your steelmaking and foundry units. Know more: https://bit.ly/ET_EcoFriendly 
#AirPollutionControl pic.twitter.com/Ye9nvQt7ye#Electherm #Electrotherm Structure is getting damaged , needs buying else can fall 50% from here pic.twitter.com/XmqDwakYSrદેવાડીયા મુકેશ ભંડારીના પુત્ર સિદ્ધાર્થ ભંડારી સાથે સમાધાન કરો નહીં તો તમને ગોળીથી ઉડાવી દઈશું, ડૉ. નાગેશ ભંડારી પર આવેલો ફોન

#Ahmedabad #CBI #Electrotherm https://gujarati.netdakiya.com/electrotherm-family-case-two-arrested-for-threatening-to-shoot/ … pic.twitter.com/EcK4J7VUlZhttps://www.linkedin.com/feed/update/urn:li:activity:6691189813174960128 …
#Electrotherm #Caster #TotalSolutionProvider #Industry4_0""We have personally faced challenge in terms of labor costs but not material input costs, since locally sourced material have been within control limits."" - Taral Shah, MD, Shivalik Infrastructure

#CWWebinar #RealEstate #housingmarket #gujarat #Housingdotcom #ElectroTherm #ETTMT https://twitter.com/CWmagazine/status/1275754803377782784 …""We cannot blame Covid-19 on the current situation of the Real Estate Sector. The situations were dire, even prior to lockdown. The current panic is in labour and finance departments."" - Paras Pandit, CMD, Sheetal Infrastructure Pvt Ltd

#CWWebinar #Housingdotcom #ElectroTherm https://twitter.com/CWmagazine/status/1275743239425802240 …Construction World webinar on ""Resetting Real Estate in Gujarat"" in association with Electrotherm Steel Division - ETTMT (Knowledge Partner: http://Housing.com .) is LIVE!
Join the conversation now: http://tiny.cc/bp40qz 
#CWWebinar #Housingdotcom #ElectroTherm #ETTMT pic.twitter.com/X76aNABGRgIndustrie 4.0 - The only way forward!!! https://youtu.be/2OXY7ZFT-KU 
#Electrotherm #TotalSolutionProvider #Industry4_0 #NewNormal #Engineering #Innovation#electrotherm can be considered out of this list#Electrotherm has been dedicated to developing the core sectors of the Indian economy through Greenfield and Brownfield investments. We are happy to be a part of Electrotherm's developments.
#AvocabCables #WiresAndCables #CablesAndWires #AvocabWires #SafeRakhega #MastChalega pic.twitter.com/XnzYIcWlQEPipex is very proud to have been associated with Chinese construction giants, Sino Hydro Corp, for the construction of the Zanzibar Urban Water Supply & Sanitation Project, which was completed and handed over earlier this year. #Zanzibar #ZAWA #sinohydro #electrotherm pic.twitter.com/6wjK9zT9vmLet’s have a look at what #SconceGlobal designed and executed the #exhibitionstand for “#Electrotherm” during #IFEX2020 which has started 28th Feb 2020 at Chennai. Our crucial basic concentration at client’s goal.
Visit: http://www.sconceglobal.com 
#exhibition #exhibitionbooth #event pic.twitter.com/ITCp1j7oWRWe're excited to get started at @IFEXIndia 2020! Meet our experts in Chennai to enrich your foundry performances with India’s best, globally admired, innovation-driven energy-efficient Foundry Technology. #IFEX2020 #Electrotherm #FoundryEvent pic.twitter.com/2HYJFvs7K5Immerse yourself in the quality-priority world, enabled by Electrotherm’s customer-centric product and solutions. Let’s meet, connect and collaborate at @Metal_Steel_KSA - Fabex Middle East 2020. #Electrotherm #SteelEvent #FABEX2020 #MetalandSteel2020 pic.twitter.com/ezrIgeiVrqElectrotherm team will be present at @IFEXIndia 2020 in Chennai from February 28 – March 1 and would be pleased to meet you there! Come see us to know about our Energy-Efficient and Intelligent products for Foundry. #IFEX2020 #Electrotherm #FoundryEvent pic.twitter.com/uLXC4avyIPThe Foundry and Heating industries are ready for the transition to embrace a seamless process for higher energy efficiency and improved output. Connect with us at MACHAUTO Expo 2020, Booth #H12 to learn more about our latest developments. #Electrotherm #MACHAUTO #MACHAUTO2020 pic.twitter.com/PeFl4LDAgeFrom digitalization to industry 4.0 to real-time insights, the modern manufacturing industry is undergoing sea changes. Explore the possibilities with Electrotherm at MACHAUTO2020. #Electrotherm #QualityPriority #MACHAUTO #MACHAUTO2020 pic.twitter.com/E9lGIK9GFg#IFEX2020- 16th edition of International #Exhibition for Foundry #Technology, Equipment, Supplies, and Services is scheduled during 28th Feb –1st March, 2020 at Chennai Trade Center, Chennai

#SconceGlobal is going to Design and Execute for #ELECTROTHERM @IFEX
#exhibitionbooth pic.twitter.com/F7UevABmNIMr. Sharat Chojar, Vice President & Head – Marketing, Electrotherm spoke on Energy Conservation and Environment Protection in Long Product Making Through Induction Furnace Route at Steel Technology Festival by @metalogicpms: https://youtu.be/M_HURlMLk6s 
#Electrotherm #QualitySteelMeanwhile #Electrotherm Hits Uc 20%  https://twitter.com/saditya10p/status/1293768829714063363 …The #GalaxyNote20 series comes in a stunning array of mystic hues that redefine work and play. Which colour do you have your eyes set on, are you on Team #MysticBronze or Team #MysticGreen? Pre-book now: https://bit.ly/3h07X4z 
#SamsungThe protection of the environment for our future generation is important and is one of our important responsibilities. #Electrotherm provides complete eco-friendly solutions for your steelmaking and foundry units. Know more: https://bit.ly/ET_EcoFriendly 
#AirPollutionControl pic.twitter.com/Ye9nvQt7ye#Electherm #Electrotherm Structure is getting damaged , needs buying else can fall 50% from here pic.twitter.com/XmqDwakYSrદેવાડીયા મુકેશ ભંડારીના પુત્ર સિદ્ધાર્થ ભંડારી સાથે સમાધાન કરો નહીં તો તમને ગોળીથી ઉડાવી દઈશું, ડૉ. નાગેશ ભંડારી પર આવેલો ફોન

#Ahmedabad #CBI #Electrotherm https://gujarati.netdakiya.com/electrotherm-family-case-two-arrested-for-threatening-to-shoot/ … pic.twitter.com/EcK4J7VUlZhttps://www.linkedin.com/feed/update/urn:li:activity:6691189813174960128 …
#Electrotherm #Caster #TotalSolutionProvider #Industry4_0""We have personally faced challenge in terms of labor costs but not material input costs, since locally sourced material have been within control limits."" - Taral Shah, MD, Shivalik Infrastructure

#CWWebinar #RealEstate #housingmarket #gujarat #Housingdotcom #ElectroTherm #ETTMT https://twitter.com/CWmagazine/status/1275754803377782784 …""We cannot blame Covid-19 on the current situation of the Real Estate Sector. The situations were dire, even prior to lockdown. The current panic is in labour and finance departments."" - Paras Pandit, CMD, Sheetal Infrastructure Pvt Ltd

#CWWebinar #Housingdotcom #ElectroTherm https://twitter.com/CWmagazine/status/1275743239425802240 …Construction World webinar on ""Resetting Real Estate in Gujarat"" in association with Electrotherm Steel Division - ETTMT (Knowledge Partner: http://Housing.com .) is LIVE!
Join the conversation now: http://tiny.cc/bp40qz 
#CWWebinar #Housingdotcom #ElectroTherm #ETTMT pic.twitter.com/X76aNABGRgIndustrie 4.0 - The only way forward!!! https://youtu.be/2OXY7ZFT-KU 
#Electrotherm #TotalSolutionProvider #Industry4_0 #NewNormal #Engineering #Innovation#electrotherm can be considered out of this list#Electrotherm has been dedicated to developing the core sectors of the Indian economy through Greenfield and Brownfield investments. We are happy to be a part of Electrotherm's developments.
#AvocabCables #WiresAndCables #CablesAndWires #AvocabWires #SafeRakhega #MastChalega pic.twitter.com/XnzYIcWlQEPipex is very proud to have been associated with Chinese construction giants, Sino Hydro Corp, for the construction of the Zanzibar Urban Water Supply & Sanitation Project, which was completed and handed over earlier this year. #Zanzibar #ZAWA #sinohydro #electrotherm pic.twitter.com/6wjK9zT9vmLet’s have a look at what #SconceGlobal designed and executed the #exhibitionstand for “#Electrotherm” during #IFEX2020 which has started 28th Feb 2020 at Chennai. Our crucial basic concentration at client’s goal.
Visit: http://www.sconceglobal.com 
#exhibition #exhibitionbooth #event pic.twitter.com/ITCp1j7oWRWe're excited to get started at @IFEXIndia 2020! Meet our experts in Chennai to enrich your foundry performances with India’s best, globally admired, innovation-driven energy-efficient Foundry Technology. #IFEX2020 #Electrotherm #FoundryEvent pic.twitter.com/2HYJFvs7K5Immerse yourself in the quality-priority world, enabled by Electrotherm’s customer-centric product and solutions. Let’s meet, connect and collaborate at @Metal_Steel_KSA - Fabex Middle East 2020. #Electrotherm #SteelEvent #FABEX2020 #MetalandSteel2020 pic.twitter.com/ezrIgeiVrqElectrotherm team will be present at @IFEXIndia 2020 in Chennai from February 28 – March 1 and would be pleased to meet you there! Come see us to know about our Energy-Efficient and Intelligent products for Foundry. #IFEX2020 #Electrotherm #FoundryEvent pic.twitter.com/uLXC4avyIPThe Foundry and Heating industries are ready for the transition to embrace a seamless process for higher energy efficiency and improved output. Connect with us at MACHAUTO Expo 2020, Booth #H12 to learn more about our latest developments. #Electrotherm #MACHAUTO #MACHAUTO2020 pic.twitter.com/PeFl4LDAgeFrom digitalization to industry 4.0 to real-time insights, the modern manufacturing industry is undergoing sea changes. Explore the possibilities with Electrotherm at MACHAUTO2020. #Electrotherm #QualityPriority #MACHAUTO #MACHAUTO2020 pic.twitter.com/E9lGIK9GFg#IFEX2020- 16th edition of International #Exhibition for Foundry #Technology, Equipment, Supplies, and Services is scheduled during 28th Feb –1st March, 2020 at Chennai Trade Center, Chennai

#SconceGlobal is going to Design and Execute for #ELECTROTHERM @IFEX
#exhibitionbooth pic.twitter.com/F7UevABmNIMr. Sharat Chojar, Vice President & Head – Marketing, Electrotherm spoke on Energy Conservation and Environment Protection in Long Product Making Through Induction Furnace Route at Steel Technology Festival by @metalogicpms: https://youtu.be/M_HURlMLk6s 
#Electrotherm #QualitySteel",0.018,0.862,0.121,0.9991
2,#Garden_Reach_Shipbuilders_&_Engineers,"7/n He was an active advocate of self reliance & was associated with Garden Reach Shipbuilders & Engineers Ltd., Kolkata, and Hindustan Shipyard Limited, Vizag, as a Director between 1958-64. In many ways, he was instrumental in infusing the spirit of indigenisation in the Navy.During the recent pandemic, what has made your business more resilient? #HSBCNavigatorGRSE observes 74th Independence Day today pic.twitter.com/EAyBR7xIQiGarden Reach Shipbuilders & Engineers Q1 | Profit at Rs 0.15 crore versus Rs 25.3 crore, revenue at Rs 109.95 crore versus Rs 168 crore YoY.#GRSE
Garden Reach Shipbuilders & Engineers Result pic.twitter.com/fkgtjy2yXMGarden Reach Shipbuilders & Engineers Q1FY21; consolidated net profit falls by ~99% yoy https://thestocknews.in/garden-reach-shipbuilders-consolidated-net-profit-falls-by-99-yoy/ …Garden Reach Shipbuilders & Engineers profit decreased 99.70% in (Q1) FY 2020-21 
https://in.stockinfinities.com/news/1597323934/garden-reach-shipbuilders-engineers-profit-decreased-9970-q1-fy-2020-21ba1a4cbb …Moving forward with the Atmanirbhar Mission, GRSE Built “First Of Its Kind” Portable (Assault) Bridge was launched today at 61 Park Unit. The bridge was virtually inaugurated by Hon’ble Raksha Mantri, Shri Rajnath Singh. pic.twitter.com/Tayiyu2qEc#Results2020 on August 13 Grasim Industries, Greaves Cotton, Garden Reach Shipbuilders & Engineers, Kirloskar Industries, PFC, Prestige Estates Projects, Sandhar Technologies, Shankara Building Products, Shoppers Stop, Shriram Transport Finance, Trent, TTK Healthcare, etc.Results Today: Greaves Cotton, Garden Reach Shipbuilders & Engineers, Kirloskar Industries, PFC, Prestige Estates Projects, Sandhar Technologies, Shankara Building Products, Shoppers Stop, Shriram Transport Finance, Trent, TTK Healthcare.#news #stockstobuy #quarterlyresults#Atmanirbhar_Bharat_Week_Celebration at GRSE...Few hours to go for the launch... pic.twitter.com/o9UNi04RIpGrasim Industries, Greaves Cotton, Garden Reach Shipbuilders & Engineers, Kirloskar Industries, PFC, Prestige Estates Projects, Sandhar Technologies, Shankara Building Products, Shoppers Stop, Shriram Transport Finance, Trent, TTK Healthcare. https://twitter.com/tradingbulls_in/status/1293743359601721344 …Grasim Industries, Greaves Cotton, Garden Reach Shipbuilders & Engineers, Kirloskar Industries, PFC, Prestige Estates Projects, Sandhar Technologies, Shankara Building Products, Shoppers Stop, Shriram Transport Finance, Trent, TTK Healthcare, etc.Godrej Industries, Grasim Industries, Greaves Cotton, Garden Reach Shipbuilders & Engineers, Kirloskar Industries, PFC, Prestige Estates Projects, Sandhar Technologies, Shankara Building Products, Shoppers Stop, Shriram Transport Finance, Trent, TTK Healthcare.Results Today

#GrasimIndustries, #GreavesCotton, Garden Reach Shipbuilders & Engineers, Kirloskar Industries, #PFC, #prestigeEstatesProjects, #Sandhar Technologies, #ShankaraBuilding Products, #ShoppersStop, #Shriram Transport Finance, #Trent, #TTK Healthcare, etc.Grasim Industries, Greaves Cotton, Garden Reach Shipbuilders & Engineers, Kirloskar Industries, PFC, Prestige Estates Projects, Sandhar Technologies, Shankara Building Products, Shoppers Stop, Shriram Transport Finance, Trent, TTK Healthcare, etcGodrej Industries,
Grasim Industries,
Greaves Cotton,
Garden Reach Shipbuilders & Engineers,
Kirloskar Industries,
PFC,
Prestige Estates Projects,
Sandhar Technologies,
Shankara Building Products, Shoppers Stop,
Shriram Transport Finance,
Trent, 
TTK Healthcare.

(2/2)#Atmanirbhar_Bharat_Week_Celebration  Launching of Online Vendor Grievance Redressal Portal today pic.twitter.com/MdMxPUu2nVAtmanirbhar Bharat Week Celebrations at GRSE continue pic.twitter.com/TFOUFOuCFx#ANB_Week
Webinar on 10 Aug 20 with MSME Vendors for promoting Registration on GEM pic.twitter.com/WkGia3KGBPStock Analysis
Stock Name: Garden Reach Shipbuilders & Engineers Ltd. (GSRE)
https://youtu.be/-MzV9HHav_4 
#breakout #stock #Nifty #banknifty7/n He was an active advocate of self reliance & was associated with Garden Reach Shipbuilders & Engineers Ltd., Kolkata, and Hindustan Shipyard Limited, Vizag, as a Director between 1958-64. In many ways, he was instrumental in infusing the spirit of indigenisation in the Navy.During the recent pandemic, what has made your business more resilient? #HSBCNavigatorGRSE observes 74th Independence Day today pic.twitter.com/EAyBR7xIQiGarden Reach Shipbuilders & Engineers Q1 | Profit at Rs 0.15 crore versus Rs 25.3 crore, revenue at Rs 109.95 crore versus Rs 168 crore YoY.#GRSE
Garden Reach Shipbuilders & Engineers Result pic.twitter.com/fkgtjy2yXMGarden Reach Shipbuilders & Engineers Q1FY21; consolidated net profit falls by ~99% yoy https://thestocknews.in/garden-reach-shipbuilders-consolidated-net-profit-falls-by-99-yoy/ …Garden Reach Shipbuilders & Engineers profit decreased 99.70% in (Q1) FY 2020-21 
https://in.stockinfinities.com/news/1597323934/garden-reach-shipbuilders-engineers-profit-decreased-9970-q1-fy-2020-21ba1a4cbb …Moving forward with the Atmanirbhar Mission, GRSE Built “First Of Its Kind” Portable (Assault) Bridge was launched today at 61 Park Unit. The bridge was virtually inaugurated by Hon’ble Raksha Mantri, Shri Rajnath Singh. pic.twitter.com/Tayiyu2qEc#Results2020 on August 13 Grasim Industries, Greaves Cotton, Garden Reach Shipbuilders & Engineers, Kirloskar Industries, PFC, Prestige Estates Projects, Sandhar Technologies, Shankara Building Products, Shoppers Stop, Shriram Transport Finance, Trent, TTK Healthcare, etc.Results Today: Greaves Cotton, Garden Reach Shipbuilders & Engineers, Kirloskar Industries, PFC, Prestige Estates Projects, Sandhar Technologies, Shankara Building Products, Shoppers Stop, Shriram Transport Finance, Trent, TTK Healthcare.#news #stockstobuy #quarterlyresults#Atmanirbhar_Bharat_Week_Celebration at GRSE...Few hours to go for the launch... pic.twitter.com/o9UNi04RIpGrasim Industries, Greaves Cotton, Garden Reach Shipbuilders & Engineers, Kirloskar Industries, PFC, Prestige Estates Projects, Sandhar Technologies, Shankara Building Products, Shoppers Stop, Shriram Transport Finance, Trent, TTK Healthcare. https://twitter.com/tradingbulls_in/status/1293743359601721344 …Grasim Industries, Greaves Cotton, Garden Reach Shipbuilders & Engineers, Kirloskar Industries, PFC, Prestige Estates Projects, Sandhar Technologies, Shankara Building Products, Shoppers Stop, Shriram Transport Finance, Trent, TTK Healthcare, etc.Godrej Industries, Grasim Industries, Greaves Cotton, Garden Reach Shipbuilders & Engineers, Kirloskar Industries, PFC, Prestige Estates Projects, Sandhar Technologies, Shankara Building Products, Shoppers Stop, Shriram Transport Finance, Trent, TTK Healthcare.Results Today

#GrasimIndustries, #GreavesCotton, Garden Reach Shipbuilders & Engineers, Kirloskar Industries, #PFC, #prestigeEstatesProjects, #Sandhar Technologies, #ShankaraBuilding Products, #ShoppersStop, #Shriram Transport Finance, #Trent, #TTK Healthcare, etc.Grasim Industries, Greaves Cotton, Garden Reach Shipbuilders & Engineers, Kirloskar Industries, PFC, Prestige Estates Projects, Sandhar Technologies, Shankara Building Products, Shoppers Stop, Shriram Transport Finance, Trent, TTK Healthcare, etcGodrej Industries,
Grasim Industries,
Greaves Cotton,
Garden Reach Shipbuilders & Engineers,
Kirloskar Industries,
PFC,
Prestige Estates Projects,
Sandhar Technologies,
Shankara Building Products, Shoppers Stop,
Shriram Transport Finance,
Trent, 
TTK Healthcare.

(2/2)#Atmanirbhar_Bharat_Week_Celebration  Launching of Online Vendor Grievance Redressal Portal today pic.twitter.com/MdMxPUu2nVAtmanirbhar Bharat Week Celebrations at GRSE continue pic.twitter.com/TFOUFOuCFx#ANB_Week
Webinar on 10 Aug 20 with MSME Vendors for promoting Registration on GEM pic.twitter.com/WkGia3KGBPStock Analysis
Stock Name: Garden Reach Shipbuilders & Engineers Ltd. (GSRE)
https://youtu.be/-MzV9HHav_4 
#breakout #stock #Nifty #banknifty",0.046,0.88,0.074,0.1431
3,#Mahindra_Holidays_&_Resorts_India,"Join Priyanka Gidwani, CHRO, Mahindra Holidays & Resorts India Limited for a webinar on “Need of future skills in new normal” on 20th August, 2020 at 12 Noon.

#Webinar #Skills #NewNormal #TimesJobs #TimesJobsWebinars
@clubmahindra @pgidwani pic.twitter.com/3ZA1GYkB3kThe #GalaxyNote20 series comes in a stunning array of mystic hues that redefine work and play. Which colour do you have your eyes set on, are you on Team #MysticBronze or Team #MysticGreen? Pre-book now: https://bit.ly/3h07X4z 
#Samsung#MHRIL #Analysts/Institutional Investor Meet/Con. Call Updates
Mahindra Holidays & Resorts India Limited has informed the Exchange about Analysts/Institutional Investor Meet/Con.
https://archives.nseindia.com/corporate/MHRIL_13082020192715_Intimation_For_Analyst_Meet_13082020.pdf …Mahindra Holidays & Resorts India loss decreased by 79.96% in (Q1) FY 2020-21
https://in.stockinfinities.com/news/1597158414/mahindra-holidays-resorts-india-loss-decreased-7996-q1-fy-2020-21349adece …Mahindra Holidays & Resorts India Limited - Analysts/Institutional Investor Meet/Con. Call Updates: Mahindra Holidays & Resorts India Limited has informed the Exchange about Analysts/Institutional Investor Meet/Con. Call Updates...... http://dlvr.it/RdLr2Y #MHRIL #Analysts/Institutional Investor Meet/Con. Call Updates
Mahindra Holidays & Resorts India Limited has informed the Exchange about Analysts/Institutional Investor Meet/Con.
https://archives.nseindia.com/corporate/MHRIL_10082020164418_Intimation_For_Analyst_Meet_10082020.pdf …Mahindra Holidays & Resorts India Limited - Shareholders meeting https://ift.tt/2DyNntC Mahindra Holidays & Resorts India Limited - Shareholders meeting: Mahindra Holidays & Resorts India Limited has informed the Exchange regarding Notice of Annual General Meeting to be held on August 31, 2020...... http://dlvr.it/RdG8vh Annual report uploaded by Mahindra Holidays & Resorts India Ltd. 
Link: https://www.bseindia.com/xml-data/corpfiling/AttachLive/4b366997-573b-4c8b-9883-b18e69882a26.pdf … Date: 8-Aug-2020. Size: 238 pages. Industry/Sector: Hotels 
P/E: -22.52 
Market cap : ₹2,243.04 Crs.Mahindra Holidays & Resorts India Limited - Copy of Newspaper Publication: Mahindra Holidays & Resorts India Limited has informed the Exchange about Copy of Newspaper Publication - Notice published by way of an advertisement in respect of 24th Annual… http://dlvr.it/Rd6xl7 #MHRIL #Analysts/Institutional Investor Meet/Con. Call Updates
Mahindra Holidays & Resorts India Limited has informed the Exchange about Analysts/Institutional Investor Meet/Con.
https://archives.nseindia.com/corporate/MHRIL_04082020161036_Intimation_For_Analyst_Meet_04082020.pdf …Mahindra Holidays & Resorts India reports Q1 net loss at Rs 32.37 crore
@clubmahindra @MahindraRacing @tech_mahindra @MahindraRise #clubmahindra #mahindragruopMahindra Holidays & Resorts India reports Q1 net loss at Rs 32.37 crore https://www.youtube.com/watch?v=5fu5E-E9cwc …Mahindra Holidays & Resorts India reports Q1 net loss at Rs 32.37 crore https://youtu.be/5fu5E-E9cwc Investor presentation by Mahindra Holidays & Resorts India Ltd. 
Link: https://www.bseindia.com/xml-data/corpfiling/AttachLive/c0c2b896-3558-49c3-b62b-687449f18fe9.pdf … Date: 31-Jul-2020. Size: 40 pages. Industry/Sector: Hotels 
P/E: -21.14 
Market cap : ₹2,106.14 Crs.Join Priyanka Gidwani, CHRO, Mahindra Holidays & Resorts India Limited for a webinar on “Need of future skills in new normal” on 20th August, 2020 at 12 Noon.

#Webinar #Skills #NewNormal #TimesJobs #TimesJobsWebinars
@clubmahindra @pgidwani pic.twitter.com/3ZA1GYkB3kThe #GalaxyNote20 series comes in a stunning array of mystic hues that redefine work and play. Which colour do you have your eyes set on, are you on Team #MysticBronze or Team #MysticGreen? Pre-book now: https://bit.ly/3h07X4z 
#Samsung#MHRIL #Analysts/Institutional Investor Meet/Con. Call Updates
Mahindra Holidays & Resorts India Limited has informed the Exchange about Analysts/Institutional Investor Meet/Con.
https://archives.nseindia.com/corporate/MHRIL_13082020192715_Intimation_For_Analyst_Meet_13082020.pdf …Mahindra Holidays & Resorts India loss decreased by 79.96% in (Q1) FY 2020-21
https://in.stockinfinities.com/news/1597158414/mahindra-holidays-resorts-india-loss-decreased-7996-q1-fy-2020-21349adece …Mahindra Holidays & Resorts India Limited - Analysts/Institutional Investor Meet/Con. Call Updates: Mahindra Holidays & Resorts India Limited has informed the Exchange about Analysts/Institutional Investor Meet/Con. Call Updates...... http://dlvr.it/RdLr2Y #MHRIL #Analysts/Institutional Investor Meet/Con. Call Updates
Mahindra Holidays & Resorts India Limited has informed the Exchange about Analysts/Institutional Investor Meet/Con.
https://archives.nseindia.com/corporate/MHRIL_10082020164418_Intimation_For_Analyst_Meet_10082020.pdf …Mahindra Holidays & Resorts India Limited - Shareholders meeting https://ift.tt/2DyNntC Mahindra Holidays & Resorts India Limited - Shareholders meeting: Mahindra Holidays & Resorts India Limited has informed the Exchange regarding Notice of Annual General Meeting to be held on August 31, 2020...... http://dlvr.it/RdG8vh Annual report uploaded by Mahindra Holidays & Resorts India Ltd. 
Link: https://www.bseindia.com/xml-data/corpfiling/AttachLive/4b366997-573b-4c8b-9883-b18e69882a26.pdf … Date: 8-Aug-2020. Size: 238 pages. Industry/Sector: Hotels 
P/E: -22.52 
Market cap : ₹2,243.04 Crs.Mahindra Holidays & Resorts India Limited - Copy of Newspaper Publication: Mahindra Holidays & Resorts India Limited has informed the Exchange about Copy of Newspaper Publication - Notice published by way of an advertisement in respect of 24th Annual… http://dlvr.it/Rd6xl7 #MHRIL #Analysts/Institutional Investor Meet/Con. Call Updates
Mahindra Holidays & Resorts India Limited has informed the Exchange about Analysts/Institutional Investor Meet/Con.
https://archives.nseindia.com/corporate/MHRIL_04082020161036_Intimation_For_Analyst_Meet_04082020.pdf …Mahindra Holidays & Resorts India reports Q1 net loss at Rs 32.37 crore
@clubmahindra @MahindraRacing @tech_mahindra @MahindraRise #clubmahindra #mahindragruopMahindra Holidays & Resorts India reports Q1 net loss at Rs 32.37 crore https://www.youtube.com/watch?v=5fu5E-E9cwc …Mahindra Holidays & Resorts India reports Q1 net loss at Rs 32.37 crore https://youtu.be/5fu5E-E9cwc Investor presentation by Mahindra Holidays & Resorts India Ltd. 
Link: https://www.bseindia.com/xml-data/corpfiling/AttachLive/c0c2b896-3558-49c3-b62b-687449f18fe9.pdf … Date: 31-Jul-2020. Size: 40 pages. Industry/Sector: Hotels 
P/E: -21.14 
Market cap : ₹2,106.14 Crs.",0.08,0.778,0.143,0.9944
4,#Pricol,"#Pricol ~ 53.23 

Slowly and steadily moving toward 54 then 62.

Hoping it has legs  https://twitter.com/RD_Equity/status/1287007380081790982 …The #GalaxyNote20 series comes in a stunning array of mystic hues that redefine work and play. Which colour do you have your eyes set on, are you on Team #MysticBronze or Team #MysticGreen? Pre-book now: https://bit.ly/3h07X4z 
#SamsungPricol announced that its board has approved sale of 100% shareholding in its wholly owned subsidiary company ""Pricol Espana Sociedad Limitada, Spain"", along with its wholly owned subsidiary company, ""Pricol Wiping Systems Czech s.r.o"" #pricol#Pricol
keep this on Radar
Price volume action last week on weekly chart 
will add on follow-up confirmation on Weekly Basis
 
#StageAnalysis pic.twitter.com/z90E99LKjL#இடம் #வாங்க #கோயம்பத்தூர் அருகில் #periyanaickanpaliyam #LMW
#ooty main road very near to #pricol
#employees #metupaliyam
#karamadai https://youtu.be/ItmMtJoaqcE  – at Pricol limited#for #buying #independent #house  in #coumbatore location #periyanaikanpaliyam  near #pricol #lmw #ramakrishnavidyaliya pic.twitter.com/uZOX28DBKt – at LMW#coimbatore #periyanaikanpaliyam
#pollachi #echanari #கோவை #coimbatoretamilnadu #tiripur #ooty #annur #property #coimbatoreproperty #pricol
#LMW #rspuram #maruthamali
#கோயம்புத்தூர் #kisl pic.twitter.com/iJfVDJam2w#Results on June 29

#Premier Explosives, #Pricol, #Punjab & Sind Bank, Raymond, #Reliance Communications, #Religare Enterprises, #Shree Renuka Sugars, #Repco Home Finance, #Rail Vikas Nigam, #Shakti Pumps

https://app.aliceblueonline.com/OpenAccount.aspx?C=SP17&C=SP17 … pic.twitter.com/wPxX1afiIz#varrocengineering #gnaaxles #pricol #ranebrakepads #enkeiwheels #saiautomotive #hindustanaeronauticslimited #tanejaaerospace #taal #voltas #jhonsoncontrols #bluestar #amberenterprises #subros #mothersonsumi #bosh… https://www.instagram.com/p/CA96xsCDI9x/?igshid=nlzq42385k8l …Follow in Consultancy Linkedin Page link : https://lnkd.in/gx-twRj 
#Instrument #Cluster #speedometer #valeo #pricol #fiat #continental #minda #visteon #jpm #kpit #denso #marelli #nippon #bosch #tafe #ford #mahindra #force #rishab #mitsubishi #varroc #delphi #panasonic #galaxy#3lacs 70 thousand crore for #auto ancillaries #jamna Auto #munjal Auto #pricol better liquidity now #Auto #Automotive @RoyLakshman @NeerajCNBC @CNBC_Awaaz @CNBCTV18Live @hemant_ghai @deepaliranaa @AshVerma111 @DSIJ @JamnaAuto @MunjalAuto @TataMotors https://twitter.com/CNBC_Awaaz/status/1262006298465333249 … pic.twitter.com/US4cIyJbv9Pricol Ltd. announced that the operations of its plant located at Pune (Maharashtra) has resumed its operations in phased manner, from 13th May 2020. The plant has obtained necessary approval from the government for the same. #PricolCo's That Resumed Operations :

#Nocil, #Plastiblends, #JKTyre, #VSTTillers & Tractors, #IndiaCements, #MagmaFincorp, #Pricol, #IndiaGlycols, #KPRMills, #VSTIndustries, #IndiaNipponElectricals, #PageIndustries, #Bausch, #GoaCarbon

– Positive.The funniest memes and videos I have, follow the link, we are waiting for you!!!

Go https://instagram.com/pri.colist?igshid=6z0dwv0ed6y1 …
#PopulationControlLaw #pricol #yummy #top #TOP10 #laugh #memesdaily #mems #quarantine
#jokes pic.twitter.com/4FqZozvWG4Оформляем подписку на самый топовый контент в инстаграми: https: https://instagram.com/pri.colist?igshid=t535tugynvbm …
#Popular #popupgaeltacht #PopulationControlLaw #toptap #pricolCome to the best public with memes and enjoy cool vidos

Press: https://instagram.com/pri.colist?igshid=18c9a3fhbb2hm …
#pricol #top #populationzero #Auto Component Manufacturers Start Limited Operations: Lumax, Setco, Pricol, Apollo & More https://www.drivespark.com/four-wheelers/2020/auto-component-manufaccturers-start-limited-operations-lumax-setco-timken-pricol-apollo-030897.html … #AutoNews #AutoComponents #Apollo #Lumax #Setco #Pricol#Autocomponent majors like #Lumax, #Setco, #Timken, #Pricol, and #tyre manufacturer #Apollo have resumed their production with permission from the state government. https://auto.economictimes.indiatimes.com/news/auto-components/five-more-auto-component-manufacturers-resume-production/75321710 …#India: shame on the #Coimbatore #Pricol plant!: https://www.marxist.com/india-shame-on-the-coimbatore-pricol-plant.htm …Huge up move seeing in anuto ancilary stock on back of Car and two wheeler sales going to come back strongly due to people shifting from public vehicle to own vehicle. Interesting to see these stocks performace going ahead.

#Mindacorp #Munjalauto #Pricol #Ricoauto
#Multibagger https://twitter.com/TreasureHunt_TH/status/1250390357784719361 …Auto ancillary stocks are looking good. Most of it had fallen drastically even after the fall in last two years. Witnessing good bounce back and most of it had recovered 30--40% from the bottom. A good space to be in..

#Mindacorp #Munjalauto #pricol #ricoauto
#multibaggers#Pricol ~ 53.23 

Slowly and steadily moving toward 54 then 62.

Hoping it has legs  https://twitter.com/RD_Equity/status/1287007380081790982 …The #GalaxyNote20 series comes in a stunning array of mystic hues that redefine work and play. Which colour do you have your eyes set on, are you on Team #MysticBronze or Team #MysticGreen? Pre-book now: https://bit.ly/3h07X4z 
#SamsungPricol announced that its board has approved sale of 100% shareholding in its wholly owned subsidiary company ""Pricol Espana Sociedad Limitada, Spain"", along with its wholly owned subsidiary company, ""Pricol Wiping Systems Czech s.r.o"" #pricol#Pricol
keep this on Radar
Price volume action last week on weekly chart 
will add on follow-up confirmation on Weekly Basis
 
#StageAnalysis pic.twitter.com/z90E99LKjL#இடம் #வாங்க #கோயம்பத்தூர் அருகில் #periyanaickanpaliyam #LMW
#ooty main road very near to #pricol
#employees #metupaliyam
#karamadai https://youtu.be/ItmMtJoaqcE  – at Pricol limited#for #buying #independent #house  in #coumbatore location #periyanaikanpaliyam  near #pricol #lmw #ramakrishnavidyaliya pic.twitter.com/uZOX28DBKt – at LMW#coimbatore #periyanaikanpaliyam
#pollachi #echanari #கோவை #coimbatoretamilnadu #tiripur #ooty #annur #property #coimbatoreproperty #pricol
#LMW #rspuram #maruthamali
#கோயம்புத்தூர் #kisl pic.twitter.com/iJfVDJam2w#Results on June 29

#Premier Explosives, #Pricol, #Punjab & Sind Bank, Raymond, #Reliance Communications, #Religare Enterprises, #Shree Renuka Sugars, #Repco Home Finance, #Rail Vikas Nigam, #Shakti Pumps

https://app.aliceblueonline.com/OpenAccount.aspx?C=SP17&C=SP17 … pic.twitter.com/wPxX1afiIz#varrocengineering #gnaaxles #pricol #ranebrakepads #enkeiwheels #saiautomotive #hindustanaeronauticslimited #tanejaaerospace #taal #voltas #jhonsoncontrols #bluestar #amberenterprises #subros #mothersonsumi #bosh… https://www.instagram.com/p/CA96xsCDI9x/?igshid=nlzq42385k8l …Follow in Consultancy Linkedin Page link : https://lnkd.in/gx-twRj 
#Instrument #Cluster #speedometer #valeo #pricol #fiat #continental #minda #visteon #jpm #kpit #denso #marelli #nippon #bosch #tafe #ford #mahindra #force #rishab #mitsubishi #varroc #delphi #panasonic #galaxy#3lacs 70 thousand crore for #auto ancillaries #jamna Auto #munjal Auto #pricol better liquidity now #Auto #Automotive @RoyLakshman @NeerajCNBC @CNBC_Awaaz @CNBCTV18Live @hemant_ghai @deepaliranaa @AshVerma111 @DSIJ @JamnaAuto @MunjalAuto @TataMotors https://twitter.com/CNBC_Awaaz/status/1262006298465333249 … pic.twitter.com/US4cIyJbv9Pricol Ltd. announced that the operations of its plant located at Pune (Maharashtra) has resumed its operations in phased manner, from 13th May 2020. The plant has obtained necessary approval from the government for the same. #PricolCo's That Resumed Operations :

#Nocil, #Plastiblends, #JKTyre, #VSTTillers & Tractors, #IndiaCements, #MagmaFincorp, #Pricol, #IndiaGlycols, #KPRMills, #VSTIndustries, #IndiaNipponElectricals, #PageIndustries, #Bausch, #GoaCarbon

– Positive.The funniest memes and videos I have, follow the link, we are waiting for you!!!

Go https://instagram.com/pri.colist?igshid=6z0dwv0ed6y1 …
#PopulationControlLaw #pricol #yummy #top #TOP10 #laugh #memesdaily #mems #quarantine
#jokes pic.twitter.com/4FqZozvWG4Оформляем подписку на самый топовый контент в инстаграми: https: https://instagram.com/pri.colist?igshid=t535tugynvbm …
#Popular #popupgaeltacht #PopulationControlLaw #toptap #pricolCome to the best public with memes and enjoy cool vidos

Press: https://instagram.com/pri.colist?igshid=18c9a3fhbb2hm …
#pricol #top #populationzero #Auto Component Manufacturers Start Limited Operations: Lumax, Setco, Pricol, Apollo & More https://www.drivespark.com/four-wheelers/2020/auto-component-manufaccturers-start-limited-operations-lumax-setco-timken-pricol-apollo-030897.html … #AutoNews #AutoComponents #Apollo #Lumax #Setco #Pricol#Autocomponent majors like #Lumax, #Setco, #Timken, #Pricol, and #tyre manufacturer #Apollo have resumed their production with permission from the state government. https://auto.economictimes.indiatimes.com/news/auto-components/five-more-auto-component-manufacturers-resume-production/75321710 …#India: shame on the #Coimbatore #Pricol plant!: https://www.marxist.com/india-shame-on-the-coimbatore-pricol-plant.htm …Huge up move seeing in anuto ancilary stock on back of Car and two wheeler sales going to come back strongly due to people shifting from public vehicle to own vehicle. Interesting to see these stocks performace going ahead.

#Mindacorp #Munjalauto #Pricol #Ricoauto
#Multibagger https://twitter.com/TreasureHunt_TH/status/1250390357784719361 …Auto ancillary stocks are looking good. Most of it had fallen drastically even after the fall in last two years. Witnessing good bounce back and most of it had recovered 30--40% from the bottom. A good space to be in..

#Mindacorp #Munjalauto #pricol #ricoauto
#multibaggers",0.014,0.899,0.087,0.9973
5,#R.P.P._Infra_Projects,"R.P.P. Infra Projects Limited - Updates: R.P.P. Infra Projects Limited has informed the Exchange regarding 'Disclosure of material impact of CO VI D-19 Pandemic'....... http://dlvr.it/Rckgh7 The #GalaxyNote20 series comes in a stunning array of mystic hues that redefine work and play. Which colour do you have your eyes set on, are you on Team #MysticBronze or Team #MysticGreen? Pre-book now: https://bit.ly/3h07X4z 
#SamsungR.P.P. Infra Projects Limited - Book Closure https://ift.tt/2Xa76Xk R.P.P. Infra Projects Limited - Book Closure: R.P.P. Infra Projects Limited has informed the Exchange that Register of Members & Share Transfer Books of the Company will remain closed from 23-Sep-2020 to 29-Sep-2020 for the purpose of Meeting....... http://dlvr.it/RcfGK9 R.P.P. Infra Projects Limited - Updates: R.P.P. Infra Projects Limited has informed the Exchange regarding 'Announcement on receipt of new work orders worth INR 62.83 Crores'....... http://dlvr.it/RcfCYz R.P.P. Infra Projects Limited - Related Party Transactions: Disclosure Of Related Party Transactions As Per Regulation 23 (9) Of LODR....... http://dlvr.it/RcWymH R.P.P. Infra Projects Limited - Updates: R.P.P. Infra Projects Limited has informed the Exchange regarding 'Compliance under Regulations 74(5) of SEBI (Depositaries and Participants) regulations, 2018.'....... http://dlvr.it/RbnhgX R.P.P. Infra Projects Limited - Updates: R.P.P. Infra Projects Limited has informed the Exchange regarding 'Intimation regarding receipt of work order INR 66.00 Crores'....... http://dlvr.it/Rb1zp8 R.P.P. Infra Projects Limited - Clarification: RPPINFRA: The Exchange has sought clarification from R.P.P. Infra Projects Limited with respect to announcement dated 30-Jun-2020, regarding Appointment of Mr Pradeep Kumar Nath as Company Secretary &… http://dlvr.it/RZt4GY R.P.P. Infra Projects profit decreased 34.53% in (Q4) FY 2019-20
https://in.stockinfinities.com/news/1593677902/rpp-infra-projects-profit-decreased-3453-q4-fy-2019-2098cc5bc1 …R.P.P. Infra Projects Limited - Trading Window: R.P.P. Infra Projects Limited has informed the Exchange regarding the Trading Window closure pursuant to SEBI (Prohibition of Insider Trading) Regulations, 2015...... http://dlvr.it/RZGDn7 R.P.P. Infra Projects Limited - Reply to Clarification Sought
http://zpr.io/HnhjA R.P.P. Infra Projects Limited - Reply to Clarification Sought: RPPINFRA: The Exchange had sought clarification from R.P.P. Infra Projects Limited with respect to announcement dated 19-May-2020, regarding Appointment of Mr. R. Kalaimony as an Independent… http://dlvr.it/RZ9s7V #RPPINFRA (R.P.P. Infra Projects Limited) gave a return of 11.03% within 6 trading sessions.

BUY call given on #RPPINFRA (R.P.P. Infra Projects Limited) on 10 Jun 2020 at 65.75 hit the target of 73 on 18 Jun 2020.

http://www.itrade4profit.in  #investing #NSE #StockMarketR.P.P. Infra Projects Limited - Trading Window: R.P.P. Infra Projects Limited has informed the Exchange regarding the Trading Window closure pursuant to SEBI (Prohibition of Insider Trading) Regulations, 2015...... http://dlvr.it/RYlYzd R.P.P. Infra Projects Limited - Price movement: Significant movement in price has been observed in R.P.P. Infra Projects Limited. The Exchange, in order to ensure that investors have latest relevant information about the company and to inform the...... http://dlvr.it/RYYghB R.P.P. Infra Projects Limited - Shareholders meeting: R.P.P. Infra Projects Limited has submitted the Exchange a copy Srutinizers report of Extraordinary General Meeting held on Jun 12, 2020. Further, the company has informed the Exchange regarding… http://dlvr.it/RYYQPK R.P.P. Infra Projects Limited - Shareholders meeting: R.P.P. Infra Projects Limited has informed the Exchange regarding Proceedings of Extraordinary General Meeting held on Jun 12, 2020...... http://dlvr.it/RYYQNw RPPINFRA - PROCEEDING OF 17TH EXTRA ORDINARY GENERAL MEETING OF R.P.P.Infra Projects Limited http://tinyurl.com/y89qr97a R.P.P. Infra Projects Limited - Price movement: Significant movement in price has been observed in R.P.P. Infra Projects Limited. The Exchange, in order to ensure that investors have latest relevant information about the company and to inform the...... http://dlvr.it/RYM6RS R.P.P. Infra Projects Limited - Updates: R.P.P. Infra Projects Limited has informed the Exchange regarding 'Update on Issue of convertible warrant on preferential basis to Promoter '....... http://dlvr.it/RYH8R1 R.P.P. Infra Projects Limited - Updates: R.P.P. Infra Projects Limited has informed the Exchange regarding 'Disclosure of material impact of CO VI D-19 Pandemic'....... http://dlvr.it/Rckgh7 The #GalaxyNote20 series comes in a stunning array of mystic hues that redefine work and play. Which colour do you have your eyes set on, are you on Team #MysticBronze or Team #MysticGreen? Pre-book now: https://bit.ly/3h07X4z 
#SamsungR.P.P. Infra Projects Limited - Book Closure https://ift.tt/2Xa76Xk R.P.P. Infra Projects Limited - Book Closure: R.P.P. Infra Projects Limited has informed the Exchange that Register of Members & Share Transfer Books of the Company will remain closed from 23-Sep-2020 to 29-Sep-2020 for the purpose of Meeting....... http://dlvr.it/RcfGK9 R.P.P. Infra Projects Limited - Updates: R.P.P. Infra Projects Limited has informed the Exchange regarding 'Announcement on receipt of new work orders worth INR 62.83 Crores'....... http://dlvr.it/RcfCYz R.P.P. Infra Projects Limited - Related Party Transactions: Disclosure Of Related Party Transactions As Per Regulation 23 (9) Of LODR....... http://dlvr.it/RcWymH R.P.P. Infra Projects Limited - Updates: R.P.P. Infra Projects Limited has informed the Exchange regarding 'Compliance under Regulations 74(5) of SEBI (Depositaries and Participants) regulations, 2018.'....... http://dlvr.it/RbnhgX R.P.P. Infra Projects Limited - Updates: R.P.P. Infra Projects Limited has informed the Exchange regarding 'Intimation regarding receipt of work order INR 66.00 Crores'....... http://dlvr.it/Rb1zp8 R.P.P. Infra Projects Limited - Clarification: RPPINFRA: The Exchange has sought clarification from R.P.P. Infra Projects Limited with respect to announcement dated 30-Jun-2020, regarding Appointment of Mr Pradeep Kumar Nath as Company Secretary &… http://dlvr.it/RZt4GY R.P.P. Infra Projects profit decreased 34.53% in (Q4) FY 2019-20
https://in.stockinfinities.com/news/1593677902/rpp-infra-projects-profit-decreased-3453-q4-fy-2019-2098cc5bc1 …R.P.P. Infra Projects Limited - Trading Window: R.P.P. Infra Projects Limited has informed the Exchange regarding the Trading Window closure pursuant to SEBI (Prohibition of Insider Trading) Regulations, 2015...... http://dlvr.it/RZGDn7 R.P.P. Infra Projects Limited - Reply to Clarification Sought
http://zpr.io/HnhjA R.P.P. Infra Projects Limited - Reply to Clarification Sought: RPPINFRA: The Exchange had sought clarification from R.P.P. Infra Projects Limited with respect to announcement dated 19-May-2020, regarding Appointment of Mr. R. Kalaimony as an Independent… http://dlvr.it/RZ9s7V #RPPINFRA (R.P.P. Infra Projects Limited) gave a return of 11.03% within 6 trading sessions.

BUY call given on #RPPINFRA (R.P.P. Infra Projects Limited) on 10 Jun 2020 at 65.75 hit the target of 73 on 18 Jun 2020.

http://www.itrade4profit.in  #investing #NSE #StockMarketR.P.P. Infra Projects Limited - Trading Window: R.P.P. Infra Projects Limited has informed the Exchange regarding the Trading Window closure pursuant to SEBI (Prohibition of Insider Trading) Regulations, 2015...... http://dlvr.it/RYlYzd R.P.P. Infra Projects Limited - Price movement: Significant movement in price has been observed in R.P.P. Infra Projects Limited. The Exchange, in order to ensure that investors have latest relevant information about the company and to inform the...... http://dlvr.it/RYYghB R.P.P. Infra Projects Limited - Shareholders meeting: R.P.P. Infra Projects Limited has submitted the Exchange a copy Srutinizers report of Extraordinary General Meeting held on Jun 12, 2020. Further, the company has informed the Exchange regarding… http://dlvr.it/RYYQPK R.P.P. Infra Projects Limited - Shareholders meeting: R.P.P. Infra Projects Limited has informed the Exchange regarding Proceedings of Extraordinary General Meeting held on Jun 12, 2020...... http://dlvr.it/RYYQNw RPPINFRA - PROCEEDING OF 17TH EXTRA ORDINARY GENERAL MEETING OF R.P.P.Infra Projects Limited http://tinyurl.com/y89qr97a R.P.P. Infra Projects Limited - Price movement: Significant movement in price has been observed in R.P.P. Infra Projects Limited. The Exchange, in order to ensure that investors have latest relevant information about the company and to inform the...... http://dlvr.it/RYM6RS R.P.P. Infra Projects Limited - Updates: R.P.P. Infra Projects Limited has informed the Exchange regarding 'Update on Issue of convertible warrant on preferential basis to Promoter '....... http://dlvr.it/RYH8R1 ",0.1,0.847,0.053,-0.9802
6,#Yes_Bank,"भारतको #Yes_Bank काे लफडा के हाे?
अहिले त समाचार बुझ्ने क्रममा नै छु।
 विश्वकै पुँजीपतिहरू स्वभाविक तवरले पुँजीपति भएका छैनन।
श्रमको अतिरिक्त शाेषण मात्रै नभएर घपलाबाजीले भएका छन।
 र अहिलेसम्म कुनै पब्लिक लिमिटेड कम्पनी स्वभाविक घाटा भएर विघटन पनि भएको छैन।The #GalaxyNote20 series comes in a stunning array of mystic hues that redefine work and play. Which colour do you have your eyes set on, are you on Team #MysticBronze or Team #MysticGreen? Pre-book now: https://bit.ly/3h07X4z 
#SamsungRs-2-9k #crore_loan #yes_bank to #take_over #headquarters of #AnilAmbani
#YesBank https://economictimes.indiatimes.com/markets/stocks/news/rs-2-9k-crore-loan-yes-bank-to-take-over-hq-of-anil-ambani/articleshow/77252625.cms …Unable To Repay Dues Worth Rs 2,892 Crore, #Yes_Bank Takes Over #AnilAmbani’s Santacruz HQ https://www.impactnews.in/unable-to-repay-dues-worth-rs-2892-crore-yes-bank-takes-over-anil-ambanis-santacruz-hq/ …अनिल धीरूभाई अंबानी ग्रुप Yes Bank का कर्ज चुकाने में विफल, बैंक ने ग्रुप के मुंबई मुख्यालय पर किया कब्जा

https://m.jagran.com/business/biz-yes-bank-takes-possession-of-adag-mumbai-headquarter-20572982.html …
#Business #Economy #Trade #Ban_Loan #bad_Loan #Yes_bank #Anil_Ambani #Anil_Dhirubhai_Ambani_Group pic.twitter.com/sYIEt90ULOIf the trend continues Soon #Yes_Bank Management will have to offer Money to buy it's shares
Gosh I was so wrong About this one.
When it was 25 and SBI taking over it's management I thought it won't go further down… https://www.instagram.com/p/CDAsxYLHoa7/?igshid=11f7z29uxdsn2 …@CMOMaharashtra FINDING DIFFICULT GIVING SALARY TO #COVID_19 WARRIOR DUE TO FUND CRUNCH SINCE NO SUPPORT COMING FM @HMOINDIA #AMITSHAH @AMITSHAH JI, INSPITE ALARMING POSITION ,AS TOLD ALL, DUE TO SEPARATE PARTY RULLING HERE, HOW U CAN EXPECT #PMCBANK BE REVIVED LIKE #YES_BANK ? https://twitter.com/Welfare4Poor/status/1280510732124262400 …#Yes_Bank to raise up to Rs 15,000 crore through #FPO; offer to open on Jul 15 http://ccurl.in/JLytiU pic.twitter.com/EaZtwjtNy94 Ways to Transfer Money from ATM & Debit to Another Bank Account Online

See: https://bit.ly/2yDLRDB 
#isrgrajan #WednesdayMotivation #ATM_Card #BHIM #Debit_Card #PayTM #PeSave #Yes_Bank pic.twitter.com/79O2MHPFVs#Justice4AdarshCredit
#Justice4AdarshCredit
#Justice4AdarshCredit
आदरणीय प्रधानमंत्री जी जब #PMC , #YES_BANK के साथ न्याय और #आदर्श_क्रेडिट के साथ अन्याय क्यों?
जबकि सभी के मामले समान है।
@narendramodi
@PMOIndia @InfoSahkarita @nsitharaman @HMOIndia @ombirlakota @hanumanbeniwal#Save21LakhMembers
आदरणीय प्रधानमंत्री जी, #आदर्श_क्रेडिट के लाखों पीड़ित लोग आपसे बारंबार निवेदन कर रहे हैं कि #लिक्विडेटर_हटाकर_प्रशासक_नियुक्त कर उन्हें भी अभयदान दे जैसे #YES_BANK & #PMC को दिया गया।
@narendramodi @NandRebel @MamataOfficial @yadavakhilesh @AamAadmiParty @ANIAnd, this amount of Rs. 47 Lakh she paid by extorting bribe from Kapoor of #Yes_Bank by illegally selling the painting of #M_F_Hussain which #Hussain gifted to the than #Prime_Minister_of_India.WHETHER IS THERE ANY BRANDED LOOTERA IN #PMCBank LIKE #YES_BANK. IF IT IS THERE THEN #PMCBank WOULD HAD BEEN PUMPED MONEY OUT OF PUBLIC MONEY TAKEN FM US IMPOSING CESS RS 13+2 IN #DIESEL #PETROL LIKE #YesBank AND REVIVE @ArunSFan @DasShaktikanta @RBI https://twitter.com/CAJayeshRathod/status/1276564268733743104 …#आदर्श_निवेशक_माँगे_न्याय @NSitaraman @PMOIndia @RSSorg  आप सभी से निवेदन है कि आदर्श से #Liquidater हटा कर #YES_BANK की तरह नया बोर्ड गठित करके प्रसाशक नियुक्त करावे और जुलाई से भुगतान चालू करावें निवेशक बहुत दुखी हैं।
@Sahakar_Bharati @aajtak @ABPNews @TV9Bharatvarsh @PTI_News#yes_bank bailed out in a hurry but #pmc still reeling under the carpet... #nirmala_terror_quotesSach ki aisi ki taisi... Jab #yes_bank ko 2 weeks me rescue Kiya gaya, toh #pmc ko ab tak kyun raaste me choda hai???Hmm... #yes_bank bailed out in a hurry
#pmc still reeling under the carpet?
#SHAMELESS_#YES_BANK घोटला: #ED के फ्रीज़ किए हुए अकाउंट्स दोबारा ऑपरेट करने की हाईकोर्ट ने दी मंजूरी.  @DelhiPolice| @YESBANK| @ficci_india https://hindi.asiavillenews.com/article/yes-bank-scam-hc-allows-bw-businessworld-media-to-operate-two-bank-accounts-freezed-by-ed-new-delhi-47926 …#Yes_Bank खुला है चमचों  भूल गए हो तो याद दिला दूँ 

और जो चमचे प्याज प्याज चिल्ला रहे थे उनके लिए  2 , 4 किलो प्याज भी चबा लेना
 8 से 10 ₹ किलो मिल रहे हैं ।। 
 https://twitter.com/IYC/status/1271268483741949952 …BIRDS OF A SAME FEATHER FLOCK TOGETHER..WHEN U R WITNESSING INSPITE OF ALARMING SITUATIONS  #MUMBAI #WESTBENGAL  
AS TOLD ALL,DUE TO SEPARATE POLITICAL PARTY RULLING THESE STATES, NO SUPPORT COMING FM @HMOINDIA FR #COV19 HOW U EXPECT #PMCBANK WIIL BE PUMPED MONEY LIKE #YES_BANK ? https://twitter.com/AnitaLohia5/status/1272460891485691904 …अगर सरकारी बैंकों की निजीकरण करने से बैंको की हालत अच्छी हो जाती तो फिर #Yes_Bank की हालत बुरी नही होती। जिसको आखिर कार #PSB ने ही बचाया। गरीब जनता तथा कर्मचारियों पर अन्याय कर रही है सरकार।
#SavePSB
#stopprivatisationofpsb
@RBI
@PMOIndia
@ABPNews
#StopPrivatizationभारतको #Yes_Bank काे लफडा के हाे?
अहिले त समाचार बुझ्ने क्रममा नै छु।
 विश्वकै पुँजीपतिहरू स्वभाविक तवरले पुँजीपति भएका छैनन।
श्रमको अतिरिक्त शाेषण मात्रै नभएर घपलाबाजीले भएका छन।
 र अहिलेसम्म कुनै पब्लिक लिमिटेड कम्पनी स्वभाविक घाटा भएर विघटन पनि भएको छैन।The #GalaxyNote20 series comes in a stunning array of mystic hues that redefine work and play. Which colour do you have your eyes set on, are you on Team #MysticBronze or Team #MysticGreen? Pre-book now: https://bit.ly/3h07X4z 
#SamsungRs-2-9k #crore_loan #yes_bank to #take_over #headquarters of #AnilAmbani
#YesBank https://economictimes.indiatimes.com/markets/stocks/news/rs-2-9k-crore-loan-yes-bank-to-take-over-hq-of-anil-ambani/articleshow/77252625.cms …Unable To Repay Dues Worth Rs 2,892 Crore, #Yes_Bank Takes Over #AnilAmbani’s Santacruz HQ https://www.impactnews.in/unable-to-repay-dues-worth-rs-2892-crore-yes-bank-takes-over-anil-ambanis-santacruz-hq/ …अनिल धीरूभाई अंबानी ग्रुप Yes Bank का कर्ज चुकाने में विफल, बैंक ने ग्रुप के मुंबई मुख्यालय पर किया कब्जा

https://m.jagran.com/business/biz-yes-bank-takes-possession-of-adag-mumbai-headquarter-20572982.html …
#Business #Economy #Trade #Ban_Loan #bad_Loan #Yes_bank #Anil_Ambani #Anil_Dhirubhai_Ambani_Group pic.twitter.com/sYIEt90ULOIf the trend continues Soon #Yes_Bank Management will have to offer Money to buy it's shares
Gosh I was so wrong About this one.
When it was 25 and SBI taking over it's management I thought it won't go further down… https://www.instagram.com/p/CDAsxYLHoa7/?igshid=11f7z29uxdsn2 …@CMOMaharashtra FINDING DIFFICULT GIVING SALARY TO #COVID_19 WARRIOR DUE TO FUND CRUNCH SINCE NO SUPPORT COMING FM @HMOINDIA #AMITSHAH @AMITSHAH JI, INSPITE ALARMING POSITION ,AS TOLD ALL, DUE TO SEPARATE PARTY RULLING HERE, HOW U CAN EXPECT #PMCBANK BE REVIVED LIKE #YES_BANK ? https://twitter.com/Welfare4Poor/status/1280510732124262400 …#Yes_Bank to raise up to Rs 15,000 crore through #FPO; offer to open on Jul 15 http://ccurl.in/JLytiU pic.twitter.com/EaZtwjtNy94 Ways to Transfer Money from ATM & Debit to Another Bank Account Online

See: https://bit.ly/2yDLRDB 
#isrgrajan #WednesdayMotivation #ATM_Card #BHIM #Debit_Card #PayTM #PeSave #Yes_Bank pic.twitter.com/79O2MHPFVs#Justice4AdarshCredit
#Justice4AdarshCredit
#Justice4AdarshCredit
आदरणीय प्रधानमंत्री जी जब #PMC , #YES_BANK के साथ न्याय और #आदर्श_क्रेडिट के साथ अन्याय क्यों?
जबकि सभी के मामले समान है।
@narendramodi
@PMOIndia @InfoSahkarita @nsitharaman @HMOIndia @ombirlakota @hanumanbeniwal#Save21LakhMembers
आदरणीय प्रधानमंत्री जी, #आदर्श_क्रेडिट के लाखों पीड़ित लोग आपसे बारंबार निवेदन कर रहे हैं कि #लिक्विडेटर_हटाकर_प्रशासक_नियुक्त कर उन्हें भी अभयदान दे जैसे #YES_BANK & #PMC को दिया गया।
@narendramodi @NandRebel @MamataOfficial @yadavakhilesh @AamAadmiParty @ANIAnd, this amount of Rs. 47 Lakh she paid by extorting bribe from Kapoor of #Yes_Bank by illegally selling the painting of #M_F_Hussain which #Hussain gifted to the than #Prime_Minister_of_India.WHETHER IS THERE ANY BRANDED LOOTERA IN #PMCBank LIKE #YES_BANK. IF IT IS THERE THEN #PMCBank WOULD HAD BEEN PUMPED MONEY OUT OF PUBLIC MONEY TAKEN FM US IMPOSING CESS RS 13+2 IN #DIESEL #PETROL LIKE #YesBank AND REVIVE @ArunSFan @DasShaktikanta @RBI https://twitter.com/CAJayeshRathod/status/1276564268733743104 …#आदर्श_निवेशक_माँगे_न्याय @NSitaraman @PMOIndia @RSSorg  आप सभी से निवेदन है कि आदर्श से #Liquidater हटा कर #YES_BANK की तरह नया बोर्ड गठित करके प्रसाशक नियुक्त करावे और जुलाई से भुगतान चालू करावें निवेशक बहुत दुखी हैं।
@Sahakar_Bharati @aajtak @ABPNews @TV9Bharatvarsh @PTI_News#yes_bank bailed out in a hurry but #pmc still reeling under the carpet... #nirmala_terror_quotesSach ki aisi ki taisi... Jab #yes_bank ko 2 weeks me rescue Kiya gaya, toh #pmc ko ab tak kyun raaste me choda hai???Hmm... #yes_bank bailed out in a hurry
#pmc still reeling under the carpet?
#SHAMELESS_#YES_BANK घोटला: #ED के फ्रीज़ किए हुए अकाउंट्स दोबारा ऑपरेट करने की हाईकोर्ट ने दी मंजूरी.  @DelhiPolice| @YESBANK| @ficci_india https://hindi.asiavillenews.com/article/yes-bank-scam-hc-allows-bw-businessworld-media-to-operate-two-bank-accounts-freezed-by-ed-new-delhi-47926 …#Yes_Bank खुला है चमचों  भूल गए हो तो याद दिला दूँ 

और जो चमचे प्याज प्याज चिल्ला रहे थे उनके लिए  2 , 4 किलो प्याज भी चबा लेना
 8 से 10 ₹ किलो मिल रहे हैं ।। 
 https://twitter.com/IYC/status/1271268483741949952 …BIRDS OF A SAME FEATHER FLOCK TOGETHER..WHEN U R WITNESSING INSPITE OF ALARMING SITUATIONS  #MUMBAI #WESTBENGAL  
AS TOLD ALL,DUE TO SEPARATE POLITICAL PARTY RULLING THESE STATES, NO SUPPORT COMING FM @HMOINDIA FR #COV19 HOW U EXPECT #PMCBANK WIIL BE PUMPED MONEY LIKE #YES_BANK ? https://twitter.com/AnitaLohia5/status/1272460891485691904 …अगर सरकारी बैंकों की निजीकरण करने से बैंको की हालत अच्छी हो जाती तो फिर #Yes_Bank की हालत बुरी नही होती। जिसको आखिर कार #PSB ने ही बचाया। गरीब जनता तथा कर्मचारियों पर अन्याय कर रही है सरकार।
#SavePSB
#stopprivatisationofpsb
@RBI
@PMOIndia
@ABPNews
#StopPrivatization",0.035,0.884,0.081,0.9962
